<?xml version="1.0" encoding="UTF-8" ?> 
<!DOCTYPE CLASS SYSTEM "file:///C:\Program Files\Brahms\AgentEnvironment\DTD\class.dtd"> 
<!-- Generated at Sat Jun 11 15:17:31 EDT 2005 -->

<CLASS name="gov.nasa.arc.brahms.atm.Account" display="Account" resource="true">
	<EXTENDS ref="brahms.base.BaseClass" />
	<ATTRIBUTES>
		<ATTRIBUTE name="gov.nasa.arc.brahms.atm.Account.typeof" display="typeof" scope="public" type="string"/>
		<ATTRIBUTE name="gov.nasa.arc.brahms.atm.Account.balance" display="balance" scope="public" type="double"/>
		<ATTRIBUTE name="gov.nasa.arc.brahms.atm.Account.pin" display="pin" scope="public" type="int"/>
		<ATTRIBUTE name="gov.nasa.arc.brahms.atm.Account.code" display="code" scope="public" type="int"/>
	</ATTRIBUTES>
	<RELATIONS>
		<RELATION name="gov.nasa.arc.brahms.atm.Account.openedWithBank" display="openedWithBank" scope="public" type="gov.nasa.arc.brahms.atm.Bank" typeDetail="Class"/>
	</RELATIONS>
</CLASS>
