<?xml version="1.0" encoding="UTF-8" ?> 
<!DOCTYPE CLASS SYSTEM "file:///C:\Program Files\Brahms\AgentEnvironment\DTD\class.dtd"> 
<!-- Generated at Sat Jun 11 15:17:31 EDT 2005 -->

<CLASS name="gov.nasa.arc.brahms.atm.Bank" display="Bank" resource="true">
	<EXTENDS ref="brahms.base.BaseClass" />
	<ATTRIBUTES>
		<ATTRIBUTE name="gov.nasa.arc.brahms.atm.Bank.newBalance" display="newBalance" scope="public" type="double"/>
		<ATTRIBUTE name="gov.nasa.arc.brahms.atm.Bank.waitForInfo" display="waitForInfo" scope="public" type="boolean"/>
		<ATTRIBUTE name="gov.nasa.arc.brahms.atm.Bank.correctPin" display="correctPin" scope="public" type="boolean"/>
		<ATTRIBUTE name="gov.nasa.arc.brahms.atm.Bank.balanceChecked" display="balanceChecked" scope="public" type="boolean"/>
		<ATTRIBUTE name="gov.nasa.arc.brahms.atm.Bank.name" display="name" scope="public" type="string"/>
		<ATTRIBUTE name="gov.nasa.arc.brahms.atm.Bank.enoughBalance" display="enoughBalance" scope="public" type="boolean"/>
		<ATTRIBUTE name="gov.nasa.arc.brahms.atm.Bank.balanceCalculated" display="balanceCalculated" scope="public" type="boolean"/>
		<ATTRIBUTE name="gov.nasa.arc.brahms.atm.Bank.sessionIsOn" display="sessionIsOn" scope="public" type="boolean"/>
		<ATTRIBUTE name="gov.nasa.arc.brahms.atm.Bank.originalBalance" display="originalBalance" scope="public" type="double"/>
		<ATTRIBUTE name="gov.nasa.arc.brahms.atm.Bank.receivedData" display="receivedData" scope="public" type="boolean"/>
		<ATTRIBUTE name="gov.nasa.arc.brahms.atm.Bank.hasReplied" display="hasReplied" scope="public" type="boolean"/>
		<ATTRIBUTE name="gov.nasa.arc.brahms.atm.Bank.receivedAccountPin" display="receivedAccountPin" scope="public" type="int"/>
		<ATTRIBUTE name="gov.nasa.arc.brahms.atm.Bank.readyToTransmit" display="readyToTransmit" scope="public" type="boolean"/>
		<ATTRIBUTE name="gov.nasa.arc.brahms.atm.Bank.receivedAccountCode" display="receivedAccountCode" scope="public" type="int"/>
	</ATTRIBUTES>
	<FACTS>
		<FACT>
			<OAV lObjRef="current" lObjType="Current" attRef="gov.nasa.arc.brahms.atm.Bank.receivedAccountPin" evalOp="uneq" value="0" valueType="int"/>
		</FACT>
		<FACT>
			<OAV lObjRef="current" lObjType="Current" attRef="gov.nasa.arc.brahms.atm.Bank.receivedAccountCode" evalOp="uneq" value="0" valueType="int"/>
		</FACT>
		<FACT>
			<OAV lObjRef="current" lObjType="Current" attRef="gov.nasa.arc.brahms.atm.Bank.correctPin" evalOp="uneq" value="false" valueType="boolean"/>
		</FACT>
		<FACT>
			<OAV lObjRef="current" lObjType="Current" attRef="gov.nasa.arc.brahms.atm.Bank.readyToTransmit" evalOp="eq" value="false" valueType="boolean"/>
		</FACT>
		<FACT>
			<OAV lObjRef="current" lObjType="Current" attRef="gov.nasa.arc.brahms.atm.Bank.receivedData" evalOp="eq" value="false" valueType="boolean"/>
		</FACT>
		<FACT>
			<OAV lObjRef="current" lObjType="Current" attRef="gov.nasa.arc.brahms.atm.Bank.hasReplied" evalOp="eq" value="false" valueType="boolean"/>
		</FACT>
		<FACT>
			<OAV lObjRef="current" lObjType="Current" attRef="gov.nasa.arc.brahms.atm.Bank.waitForInfo" evalOp="eq" value="true" valueType="boolean"/>
		</FACT>
		<FACT>
			<OAV lObjRef="current" lObjType="Current" attRef="gov.nasa.arc.brahms.atm.Bank.balanceChecked" evalOp="eq" value="false" valueType="boolean"/>
		</FACT>
		<FACT>
			<OAV lObjRef="current" lObjType="Current" attRef="gov.nasa.arc.brahms.atm.Bank.balanceCalculated" evalOp="eq" value="false" valueType="boolean"/>
		</FACT>
		<FACT>
			<OAV lObjRef="current" lObjType="Current" attRef="gov.nasa.arc.brahms.atm.Bank.enoughBalance" evalOp="uneq" value="false" valueType="boolean"/>
		</FACT>
	</FACTS>
	<ACTIVITIES>
		<PRIM_ACT name="gov.nasa.arc.brahms.atm.Bank.returnCardandMoney" display="returnCardandMoney" maxDuration="9">
		</PRIM_ACT>
		<PRIM_ACT name="gov.nasa.arc.brahms.atm.Bank.compareInfo_bad" display="compareInfo_bad" maxDuration="8">
		</PRIM_ACT>
		<COMM_ACT name="gov.nasa.arc.brahms.atm.Bank.replyAtm" display="replyAtm" maxDuration="1" when="end">
			<PARAMETERS>
				<PARAMETER name="at3" type="gov.nasa.arc.brahms.atm.Atm" typeDetail="Class" />
				<PARAMETER name="bka" type="gov.nasa.arc.brahms.atm.Account" typeDetail="Class" />
			</PARAMETERS>
			<WITH>
				<WITHREF ref="at3" />
			</WITH>
			<ABOUT>
				<SEND>
					<CONDITION>
						<VALUECOMPARISON relation="eq">
							<EXPRESSION>
								<OPERAND type="OA" objType="current" objRef="current" attRef="gov.nasa.arc.brahms.atm.Bank.correctPin"/>
							</EXPRESSION>
							<EXPRESSION>
								<OPERAND type="UNKNOWN"/>
							</EXPRESSION>
						</VALUECOMPARISON>
					</CONDITION>
				</SEND>
				<SEND>
					<CONDITION>
						<VALUECOMPARISON relation="eq">
							<EXPRESSION>
								<OPERAND type="OA" objType="current" objRef="current" attRef="gov.nasa.arc.brahms.atm.Bank.enoughBalance"/>
							</EXPRESSION>
							<EXPRESSION>
								<OPERAND type="UNKNOWN"/>
							</EXPRESSION>
						</VALUECOMPARISON>
					</CONDITION>
				</SEND>
				<SEND>
					<CONDITION>
						<VALUECOMPARISON relation="eq">
							<EXPRESSION>
								<OPERAND type="OA" objType="parameter" objRef="bka" attRef="gov.nasa.arc.brahms.atm.Account.balance"/>
							</EXPRESSION>
							<EXPRESSION>
								<OPERAND type="UNKNOWN"/>
							</EXPRESSION>
						</VALUECOMPARISON>
					</CONDITION>
				</SEND>
			</ABOUT>
		</COMM_ACT>
		<PRIM_ACT name="gov.nasa.arc.brahms.atm.Bank.checkBalance" display="checkBalance" maxDuration="4">
		</PRIM_ACT>
		<PRIM_ACT name="gov.nasa.arc.brahms.atm.Bank.compareInfo_ok" display="compareInfo_ok" maxDuration="8">
		</PRIM_ACT>
		<PRIM_ACT name="gov.nasa.arc.brahms.atm.Bank.registerInfo" display="registerInfo" maxDuration="5">
		</PRIM_ACT>
		<PRIM_ACT name="gov.nasa.arc.brahms.atm.Bank.calculateBalance" display="calculateBalance" maxDuration="4">
		</PRIM_ACT>
		<PRIM_ACT name="gov.nasa.arc.brahms.atm.Bank.processReplyAtm" display="processReplyAtm" maxDuration="2">
		</PRIM_ACT>
		<PRIM_ACT name="gov.nasa.arc.brahms.atm.Bank.waitInfo" display="waitInfo" maxDuration="1000">
		</PRIM_ACT>
		<PRIM_ACT name="gov.nasa.arc.brahms.atm.Bank.returnCardwithNoMoney" display="returnCardwithNoMoney" maxDuration="9">
		</PRIM_ACT>
	</ACTIVITIES>
	<WORKFRAMES>
		<WORKFRAME name="gov.nasa.arc.brahms.atm.Bank.wf_registerInfo" display="wf_registerInfo" wftype="2" repeat="true">
			<VARIABLES>
				<VARIABLE name="at3" display="at3" quantification="forone" type="gov.nasa.arc.brahms.atm.Atm" typeDetail="Class"/>
				<VARIABLE name="bkc" display="bkc" quantification="forone" type="gov.nasa.arc.brahms.atm.BankCard" typeDetail="Class"/>
			</VARIABLES>
			<WHEN>
				<PRECONDITION modifier="knownval">
					<CONDITION>
						<OBJECTCOMPARISON relation="gov.nasa.arc.brahms.atm.Atm.ownedbyBank">
							<EXPRESSION>
								<OPERAND type="O" objType="variable" objRef="at3"/>
							</EXPRESSION>
							<EXPRESSION>
								<OPERAND type="O" objType="current" objRef="current"/>
							</EXPRESSION>
						</OBJECTCOMPARISON>
					</CONDITION>
				</PRECONDITION>
				<PRECONDITION modifier="known">
					<CONDITION>
						<VALUECOMPARISON>
							<EXPRESSION>
								<OPERAND type="OA" objType="variable" objRef="at3" attRef="gov.nasa.arc.brahms.atm.Atm.currentAccountCode"/>
							</EXPRESSION>
						</VALUECOMPARISON>
					</CONDITION>
				</PRECONDITION>
				<PRECONDITION modifier="known">
					<CONDITION>
						<VALUECOMPARISON>
							<EXPRESSION>
								<OPERAND type="OA" objType="variable" objRef="at3" attRef="gov.nasa.arc.brahms.atm.Atm.currentAccountPin"/>
							</EXPRESSION>
						</VALUECOMPARISON>
					</CONDITION>
				</PRECONDITION>
				<PRECONDITION modifier="knownval">
					<CONDITION>
						<VALUECOMPARISON relation="eq">
							<EXPRESSION>
								<OPERAND type="OA" objType="variable" objRef="at3" attRef="gov.nasa.arc.brahms.atm.Atm.askedVerification"/>
							</EXPRESSION>
							<EXPRESSION>
								<OPERAND type="V" valueType="boolean" value="true"/>
							</EXPRESSION>
						</VALUECOMPARISON>
					</CONDITION>
				</PRECONDITION>
				<PRECONDITION modifier="knownval">
					<CONDITION>
						<VALUECOMPARISON relation="eq">
							<EXPRESSION>
								<OPERAND type="OA" objType="current" objRef="current" attRef="gov.nasa.arc.brahms.atm.Bank.receivedData"/>
							</EXPRESSION>
							<EXPRESSION>
								<OPERAND type="V" valueType="boolean" value="false"/>
							</EXPRESSION>
						</VALUECOMPARISON>
					</CONDITION>
				</PRECONDITION>
				<PRECONDITION modifier="knownval">
					<CONDITION>
						<VALUECOMPARISON relation="eq">
							<EXPRESSION>
								<OPERAND type="OA" objType="current" objRef="current" attRef="gov.nasa.arc.brahms.atm.Bank.readyToTransmit"/>
							</EXPRESSION>
							<EXPRESSION>
								<OPERAND type="V" valueType="boolean" value="false"/>
							</EXPRESSION>
						</VALUECOMPARISON>
					</CONDITION>
				</PRECONDITION>
				<PRECONDITION modifier="knownval">
					<CONDITION>
						<VALUECOMPARISON relation="eq">
							<EXPRESSION>
								<OPERAND type="OA" objType="current" objRef="current" attRef="gov.nasa.arc.brahms.atm.Bank.hasReplied"/>
							</EXPRESSION>
							<EXPRESSION>
								<OPERAND type="V" valueType="boolean" value="false"/>
							</EXPRESSION>
						</VALUECOMPARISON>
					</CONDITION>
				</PRECONDITION>
			</WHEN>
			<WF_DO>
				<ACTIVITYREF ref="gov.nasa.arc.brahms.atm.Bank.registerInfo" activityType="Primitive">
				</ACTIVITYREF>
				<CONSEQUENCE>
					<CONDITION>
						<VALUECOMPARISON relation="eq">
							<EXPRESSION>
								<OPERAND type="OA" objType="current" objRef="current" attRef="gov.nasa.arc.brahms.atm.Bank.receivedAccountCode"/>
							</EXPRESSION>
							<EXPRESSION>
								<OPERAND type="OA" objType="variable" objRef="at3" attRef="gov.nasa.arc.brahms.atm.Atm.currentAccountCode"/>
							</EXPRESSION>
						</VALUECOMPARISON>
					</CONDITION>
				</CONSEQUENCE>
				<CONSEQUENCE>
					<CONDITION>
						<VALUECOMPARISON relation="eq">
							<EXPRESSION>
								<OPERAND type="OA" objType="current" objRef="current" attRef="gov.nasa.arc.brahms.atm.Bank.receivedAccountPin"/>
							</EXPRESSION>
							<EXPRESSION>
								<OPERAND type="OA" objType="variable" objRef="at3" attRef="gov.nasa.arc.brahms.atm.Atm.currentAccountPin"/>
							</EXPRESSION>
						</VALUECOMPARISON>
					</CONDITION>
				</CONSEQUENCE>
				<CONSEQUENCE>
					<CONDITION>
						<VALUECOMPARISON relation="eq">
							<EXPRESSION>
								<OPERAND type="OA" objType="current" objRef="current" attRef="gov.nasa.arc.brahms.atm.Bank.receivedData"/>
							</EXPRESSION>
							<EXPRESSION>
								<OPERAND type="V" valueType="boolean" value="true"/>
							</EXPRESSION>
						</VALUECOMPARISON>
					</CONDITION>
				</CONSEQUENCE>
			</WF_DO>
		</WORKFRAME>
		<WORKFRAME name="gov.nasa.arc.brahms.atm.Bank.wf_checkBalance_bad" display="wf_checkBalance_bad" wftype="2" repeat="true">
			<VARIABLES>
				<VARIABLE name="at3" display="at3" quantification="forone" type="gov.nasa.arc.brahms.atm.Atm" typeDetail="Class"/>
				<VARIABLE name="bka" display="bka" quantification="foreach" type="gov.nasa.arc.brahms.atm.Account" typeDetail="Class"/>
			</VARIABLES>
			<WHEN>
				<PRECONDITION modifier="knownval">
					<CONDITION>
						<OBJECTCOMPARISON relation="gov.nasa.arc.brahms.atm.Account.openedWithBank">
							<EXPRESSION>
								<OPERAND type="O" objType="variable" objRef="bka"/>
							</EXPRESSION>
							<EXPRESSION>
								<OPERAND type="O" objType="current" objRef="current"/>
							</EXPRESSION>
						</OBJECTCOMPARISON>
					</CONDITION>
				</PRECONDITION>
				<PRECONDITION modifier="known">
					<CONDITION>
						<VALUECOMPARISON>
							<EXPRESSION>
								<OPERAND type="OA" objType="variable" objRef="at3" attRef="gov.nasa.arc.brahms.atm.Atm.currentAccountCode"/>
							</EXPRESSION>
						</VALUECOMPARISON>
					</CONDITION>
				</PRECONDITION>
				<PRECONDITION modifier="known">
					<CONDITION>
						<VALUECOMPARISON>
							<EXPRESSION>
								<OPERAND type="OA" objType="variable" objRef="at3" attRef="gov.nasa.arc.brahms.atm.Atm.currentAccountPin"/>
							</EXPRESSION>
						</VALUECOMPARISON>
					</CONDITION>
				</PRECONDITION>
				<PRECONDITION modifier="knownval">
					<CONDITION>
						<VALUECOMPARISON relation="eq">
							<EXPRESSION>
								<OPERAND type="OA" objType="variable" objRef="at3" attRef="gov.nasa.arc.brahms.atm.Atm.askedVerification"/>
							</EXPRESSION>
							<EXPRESSION>
								<OPERAND type="V" valueType="boolean" value="true"/>
							</EXPRESSION>
						</VALUECOMPARISON>
					</CONDITION>
				</PRECONDITION>
				<PRECONDITION modifier="known">
					<CONDITION>
						<VALUECOMPARISON>
							<EXPRESSION>
								<OPERAND type="OA" objType="current" objRef="current" attRef="gov.nasa.arc.brahms.atm.Bank.receivedAccountCode"/>
							</EXPRESSION>
						</VALUECOMPARISON>
					</CONDITION>
				</PRECONDITION>
				<PRECONDITION modifier="known">
					<CONDITION>
						<VALUECOMPARISON>
							<EXPRESSION>
								<OPERAND type="OA" objType="current" objRef="current" attRef="gov.nasa.arc.brahms.atm.Bank.receivedAccountPin"/>
							</EXPRESSION>
						</VALUECOMPARISON>
					</CONDITION>
				</PRECONDITION>
				<PRECONDITION modifier="knownval">
					<CONDITION>
						<VALUECOMPARISON relation="eq">
							<EXPRESSION>
								<OPERAND type="OA" objType="current" objRef="current" attRef="gov.nasa.arc.brahms.atm.Bank.receivedAccountCode"/>
							</EXPRESSION>
							<EXPRESSION>
								<OPERAND type="OA" objType="variable" objRef="bka" attRef="gov.nasa.arc.brahms.atm.Account.code"/>
							</EXPRESSION>
						</VALUECOMPARISON>
					</CONDITION>
				</PRECONDITION>
				<PRECONDITION modifier="knownval">
					<CONDITION>
						<VALUECOMPARISON relation="eq">
							<EXPRESSION>
								<OPERAND type="OA" objType="current" objRef="current" attRef="gov.nasa.arc.brahms.atm.Bank.readyToTransmit"/>
							</EXPRESSION>
							<EXPRESSION>
								<OPERAND type="V" valueType="boolean" value="false"/>
							</EXPRESSION>
						</VALUECOMPARISON>
					</CONDITION>
				</PRECONDITION>
				<PRECONDITION modifier="knownval">
					<CONDITION>
						<VALUECOMPARISON relation="eq">
							<EXPRESSION>
								<OPERAND type="OA" objType="current" objRef="current" attRef="gov.nasa.arc.brahms.atm.Bank.hasReplied"/>
							</EXPRESSION>
							<EXPRESSION>
								<OPERAND type="V" valueType="boolean" value="false"/>
							</EXPRESSION>
						</VALUECOMPARISON>
					</CONDITION>
				</PRECONDITION>
				<PRECONDITION modifier="knownval">
					<CONDITION>
						<VALUECOMPARISON relation="eq">
							<EXPRESSION>
								<OPERAND type="OA" objType="current" objRef="current" attRef="gov.nasa.arc.brahms.atm.Bank.receivedData"/>
							</EXPRESSION>
							<EXPRESSION>
								<OPERAND type="V" valueType="boolean" value="true"/>
							</EXPRESSION>
						</VALUECOMPARISON>
					</CONDITION>
				</PRECONDITION>
				<PRECONDITION modifier="knownval">
					<CONDITION>
						<VALUECOMPARISON relation="eq">
							<EXPRESSION>
								<OPERAND type="OA" objType="current" objRef="current" attRef="gov.nasa.arc.brahms.atm.Bank.balanceCalculated"/>
							</EXPRESSION>
							<EXPRESSION>
								<OPERAND type="V" valueType="boolean" value="true"/>
							</EXPRESSION>
						</VALUECOMPARISON>
					</CONDITION>
				</PRECONDITION>
				<PRECONDITION modifier="knownval">
					<CONDITION>
						<VALUECOMPARISON relation="eq">
							<EXPRESSION>
								<OPERAND type="OA" objType="current" objRef="current" attRef="gov.nasa.arc.brahms.atm.Bank.balanceChecked"/>
							</EXPRESSION>
							<EXPRESSION>
								<OPERAND type="V" valueType="boolean" value="false"/>
							</EXPRESSION>
						</VALUECOMPARISON>
					</CONDITION>
				</PRECONDITION>
				<PRECONDITION modifier="knownval">
					<CONDITION>
						<VALUECOMPARISON relation="lt">
							<EXPRESSION>
								<OPERAND type="OA" objType="variable" objRef="bka" attRef="gov.nasa.arc.brahms.atm.Account.balance"/>
							</EXPRESSION>
							<EXPRESSION>
								<OPERAND type="V" valueType="double" value="0.0"/>
							</EXPRESSION>
						</VALUECOMPARISON>
					</CONDITION>
				</PRECONDITION>
			</WHEN>
			<WF_DO>
				<ACTIVITYREF ref="gov.nasa.arc.brahms.atm.Bank.checkBalance" activityType="Primitive">
				</ACTIVITYREF>
				<CONSEQUENCE>
					<CONDITION>
						<VALUECOMPARISON relation="eq">
							<EXPRESSION>
								<OPERAND type="OA" objType="current" objRef="current" attRef="gov.nasa.arc.brahms.atm.Bank.enoughBalance"/>
							</EXPRESSION>
							<EXPRESSION>
								<OPERAND type="V" valueType="boolean" value="false"/>
							</EXPRESSION>
						</VALUECOMPARISON>
					</CONDITION>
				</CONSEQUENCE>
				<CONSEQUENCE>
					<CONDITION>
						<VALUECOMPARISON relation="eq">
							<EXPRESSION>
								<OPERAND type="OA" objType="variable" objRef="bka" attRef="gov.nasa.arc.brahms.atm.Account.balance"/>
							</EXPRESSION>
							<EXPRESSION operator="plus">
								<OPERAND type="OA" objType="variable" objRef="bka" attRef="gov.nasa.arc.brahms.atm.Account.balance"/>
								<OPERAND type="OA" objType="variable" objRef="at3" attRef="gov.nasa.arc.brahms.atm.Atm.currentAmountRequested"/>
							</EXPRESSION>
						</VALUECOMPARISON>
					</CONDITION>
				</CONSEQUENCE>
				<CONSEQUENCE>
					<CONDITION>
						<VALUECOMPARISON relation="eq">
							<EXPRESSION>
								<OPERAND type="OA" objType="current" objRef="current" attRef="gov.nasa.arc.brahms.atm.Bank.balanceChecked"/>
							</EXPRESSION>
							<EXPRESSION>
								<OPERAND type="V" valueType="boolean" value="true"/>
							</EXPRESSION>
						</VALUECOMPARISON>
					</CONDITION>
				</CONSEQUENCE>
			</WF_DO>
		</WORKFRAME>
		<WORKFRAME name="gov.nasa.arc.brahms.atm.Bank.wf_calculateBalance" display="wf_calculateBalance" wftype="2" repeat="true">
			<VARIABLES>
				<VARIABLE name="at3" display="at3" quantification="forone" type="gov.nasa.arc.brahms.atm.Atm" typeDetail="Class"/>
				<VARIABLE name="bka" display="bka" quantification="foreach" type="gov.nasa.arc.brahms.atm.Account" typeDetail="Class"/>
			</VARIABLES>
			<WHEN>
				<PRECONDITION modifier="knownval">
					<CONDITION>
						<OBJECTCOMPARISON relation="gov.nasa.arc.brahms.atm.Account.openedWithBank">
							<EXPRESSION>
								<OPERAND type="O" objType="variable" objRef="bka"/>
							</EXPRESSION>
							<EXPRESSION>
								<OPERAND type="O" objType="current" objRef="current"/>
							</EXPRESSION>
						</OBJECTCOMPARISON>
					</CONDITION>
				</PRECONDITION>
				<PRECONDITION modifier="known">
					<CONDITION>
						<VALUECOMPARISON>
							<EXPRESSION>
								<OPERAND type="OA" objType="variable" objRef="at3" attRef="gov.nasa.arc.brahms.atm.Atm.currentAccountCode"/>
							</EXPRESSION>
						</VALUECOMPARISON>
					</CONDITION>
				</PRECONDITION>
				<PRECONDITION modifier="known">
					<CONDITION>
						<VALUECOMPARISON>
							<EXPRESSION>
								<OPERAND type="OA" objType="variable" objRef="at3" attRef="gov.nasa.arc.brahms.atm.Atm.currentAccountPin"/>
							</EXPRESSION>
						</VALUECOMPARISON>
					</CONDITION>
				</PRECONDITION>
				<PRECONDITION modifier="knownval">
					<CONDITION>
						<VALUECOMPARISON relation="eq">
							<EXPRESSION>
								<OPERAND type="OA" objType="variable" objRef="at3" attRef="gov.nasa.arc.brahms.atm.Atm.askedVerification"/>
							</EXPRESSION>
							<EXPRESSION>
								<OPERAND type="V" valueType="boolean" value="true"/>
							</EXPRESSION>
						</VALUECOMPARISON>
					</CONDITION>
				</PRECONDITION>
				<PRECONDITION modifier="known">
					<CONDITION>
						<VALUECOMPARISON>
							<EXPRESSION>
								<OPERAND type="OA" objType="current" objRef="current" attRef="gov.nasa.arc.brahms.atm.Bank.receivedAccountCode"/>
							</EXPRESSION>
						</VALUECOMPARISON>
					</CONDITION>
				</PRECONDITION>
				<PRECONDITION modifier="known">
					<CONDITION>
						<VALUECOMPARISON>
							<EXPRESSION>
								<OPERAND type="OA" objType="current" objRef="current" attRef="gov.nasa.arc.brahms.atm.Bank.receivedAccountPin"/>
							</EXPRESSION>
						</VALUECOMPARISON>
					</CONDITION>
				</PRECONDITION>
				<PRECONDITION modifier="knownval">
					<CONDITION>
						<VALUECOMPARISON relation="eq">
							<EXPRESSION>
								<OPERAND type="OA" objType="current" objRef="current" attRef="gov.nasa.arc.brahms.atm.Bank.receivedAccountCode"/>
							</EXPRESSION>
							<EXPRESSION>
								<OPERAND type="OA" objType="variable" objRef="bka" attRef="gov.nasa.arc.brahms.atm.Account.code"/>
							</EXPRESSION>
						</VALUECOMPARISON>
					</CONDITION>
				</PRECONDITION>
				<PRECONDITION modifier="knownval">
					<CONDITION>
						<VALUECOMPARISON relation="eq">
							<EXPRESSION>
								<OPERAND type="OA" objType="current" objRef="current" attRef="gov.nasa.arc.brahms.atm.Bank.readyToTransmit"/>
							</EXPRESSION>
							<EXPRESSION>
								<OPERAND type="V" valueType="boolean" value="false"/>
							</EXPRESSION>
						</VALUECOMPARISON>
					</CONDITION>
				</PRECONDITION>
				<PRECONDITION modifier="knownval">
					<CONDITION>
						<VALUECOMPARISON relation="eq">
							<EXPRESSION>
								<OPERAND type="OA" objType="current" objRef="current" attRef="gov.nasa.arc.brahms.atm.Bank.hasReplied"/>
							</EXPRESSION>
							<EXPRESSION>
								<OPERAND type="V" valueType="boolean" value="false"/>
							</EXPRESSION>
						</VALUECOMPARISON>
					</CONDITION>
				</PRECONDITION>
				<PRECONDITION modifier="knownval">
					<CONDITION>
						<VALUECOMPARISON relation="eq">
							<EXPRESSION>
								<OPERAND type="OA" objType="current" objRef="current" attRef="gov.nasa.arc.brahms.atm.Bank.receivedData"/>
							</EXPRESSION>
							<EXPRESSION>
								<OPERAND type="V" valueType="boolean" value="true"/>
							</EXPRESSION>
						</VALUECOMPARISON>
					</CONDITION>
				</PRECONDITION>
				<PRECONDITION modifier="knownval">
					<CONDITION>
						<VALUECOMPARISON relation="eq">
							<EXPRESSION>
								<OPERAND type="OA" objType="current" objRef="current" attRef="gov.nasa.arc.brahms.atm.Bank.balanceCalculated"/>
							</EXPRESSION>
							<EXPRESSION>
								<OPERAND type="V" valueType="boolean" value="false"/>
							</EXPRESSION>
						</VALUECOMPARISON>
					</CONDITION>
				</PRECONDITION>
			</WHEN>
			<WF_DO>
				<CONSEQUENCE>
					<CONDITION>
						<VALUECOMPARISON relation="eq">
							<EXPRESSION>
								<OPERAND type="OA" objType="current" objRef="current" attRef="gov.nasa.arc.brahms.atm.Bank.originalBalance"/>
							</EXPRESSION>
							<EXPRESSION>
								<OPERAND type="OA" objType="variable" objRef="bka" attRef="gov.nasa.arc.brahms.atm.Account.balance"/>
							</EXPRESSION>
						</VALUECOMPARISON>
					</CONDITION>
				</CONSEQUENCE>
				<ACTIVITYREF ref="gov.nasa.arc.brahms.atm.Bank.calculateBalance" activityType="Primitive">
				</ACTIVITYREF>
				<CONSEQUENCE>
					<CONDITION>
						<VALUECOMPARISON relation="eq">
							<EXPRESSION>
								<OPERAND type="OA" objType="variable" objRef="bka" attRef="gov.nasa.arc.brahms.atm.Account.balance"/>
							</EXPRESSION>
							<EXPRESSION operator="minus">
								<OPERAND type="OA" objType="variable" objRef="bka" attRef="gov.nasa.arc.brahms.atm.Account.balance"/>
								<OPERAND type="OA" objType="variable" objRef="at3" attRef="gov.nasa.arc.brahms.atm.Atm.currentAmountRequested"/>
							</EXPRESSION>
						</VALUECOMPARISON>
					</CONDITION>
				</CONSEQUENCE>
				<CONSEQUENCE>
					<CONDITION>
						<VALUECOMPARISON relation="eq">
							<EXPRESSION>
								<OPERAND type="OA" objType="current" objRef="current" attRef="gov.nasa.arc.brahms.atm.Bank.balanceCalculated"/>
							</EXPRESSION>
							<EXPRESSION>
								<OPERAND type="V" valueType="boolean" value="true"/>
							</EXPRESSION>
						</VALUECOMPARISON>
					</CONDITION>
				</CONSEQUENCE>
			</WF_DO>
		</WORKFRAME>
		<WORKFRAME name="gov.nasa.arc.brahms.atm.Bank.wf_replyAtm" display="wf_replyAtm" wftype="2" repeat="true">
			<VARIABLES>
				<VARIABLE name="at3" display="at3" quantification="forone" type="gov.nasa.arc.brahms.atm.Atm" typeDetail="Class"/>
				<VARIABLE name="bka" display="bka" quantification="foreach" type="gov.nasa.arc.brahms.atm.Account" typeDetail="Class"/>
			</VARIABLES>
			<WHEN>
				<PRECONDITION modifier="knownval">
					<CONDITION>
						<OBJECTCOMPARISON relation="gov.nasa.arc.brahms.atm.Atm.ownedbyBank">
							<EXPRESSION>
								<OPERAND type="O" objType="variable" objRef="at3"/>
							</EXPRESSION>
							<EXPRESSION>
								<OPERAND type="O" objType="current" objRef="current"/>
							</EXPRESSION>
						</OBJECTCOMPARISON>
					</CONDITION>
				</PRECONDITION>
				<PRECONDITION modifier="knownval">
					<CONDITION>
						<OBJECTCOMPARISON relation="gov.nasa.arc.brahms.atm.Account.openedWithBank">
							<EXPRESSION>
								<OPERAND type="O" objType="variable" objRef="bka"/>
							</EXPRESSION>
							<EXPRESSION>
								<OPERAND type="O" objType="current" objRef="current"/>
							</EXPRESSION>
						</OBJECTCOMPARISON>
					</CONDITION>
				</PRECONDITION>
				<PRECONDITION modifier="knownval">
					<CONDITION>
						<VALUECOMPARISON relation="eq">
							<EXPRESSION>
								<OPERAND type="OA" objType="current" objRef="current" attRef="gov.nasa.arc.brahms.atm.Bank.receivedAccountCode"/>
							</EXPRESSION>
							<EXPRESSION>
								<OPERAND type="OA" objType="variable" objRef="bka" attRef="gov.nasa.arc.brahms.atm.Account.code"/>
							</EXPRESSION>
						</VALUECOMPARISON>
					</CONDITION>
				</PRECONDITION>
				<PRECONDITION modifier="known">
					<CONDITION>
						<VALUECOMPARISON>
							<EXPRESSION>
								<OPERAND type="OA" objType="variable" objRef="at3" attRef="gov.nasa.arc.brahms.atm.Atm.currentAccountCode"/>
							</EXPRESSION>
						</VALUECOMPARISON>
					</CONDITION>
				</PRECONDITION>
				<PRECONDITION modifier="known">
					<CONDITION>
						<VALUECOMPARISON>
							<EXPRESSION>
								<OPERAND type="OA" objType="variable" objRef="at3" attRef="gov.nasa.arc.brahms.atm.Atm.currentAccountPin"/>
							</EXPRESSION>
						</VALUECOMPARISON>
					</CONDITION>
				</PRECONDITION>
				<PRECONDITION modifier="knownval">
					<CONDITION>
						<VALUECOMPARISON relation="eq">
							<EXPRESSION>
								<OPERAND type="OA" objType="current" objRef="current" attRef="gov.nasa.arc.brahms.atm.Bank.readyToTransmit"/>
							</EXPRESSION>
							<EXPRESSION>
								<OPERAND type="V" valueType="boolean" value="true"/>
							</EXPRESSION>
						</VALUECOMPARISON>
					</CONDITION>
				</PRECONDITION>
			</WHEN>
			<WF_DO>
				<ACTIVITYREF ref="gov.nasa.arc.brahms.atm.Bank.processReplyAtm" activityType="Primitive">
				</ACTIVITYREF>
				<ACTIVITYREF ref="gov.nasa.arc.brahms.atm.Bank.replyAtm" activityType="Communicate">
					<PARAMVALS>
						<PARAMVAL parameter="at3" value="at3" valueType="Variable"/>
						<PARAMVAL parameter="bka" value="bka" valueType="Variable"/>
					</PARAMVALS>
				</ACTIVITYREF>
				<CONSEQUENCE>
					<CONDITION>
						<VALUECOMPARISON relation="eq">
							<EXPRESSION>
								<OPERAND type="OA" objType="current" objRef="current" attRef="gov.nasa.arc.brahms.atm.Bank.receivedAccountCode"/>
							</EXPRESSION>
							<EXPRESSION>
								<OPERAND type="OA" objType="variable" objRef="at3" attRef="gov.nasa.arc.brahms.atm.Atm.currentAccountCode"/>
							</EXPRESSION>
						</VALUECOMPARISON>
					</CONDITION>
				</CONSEQUENCE>
				<CONSEQUENCE>
					<CONDITION>
						<VALUECOMPARISON relation="eq">
							<EXPRESSION>
								<OPERAND type="OA" objType="current" objRef="current" attRef="gov.nasa.arc.brahms.atm.Bank.receivedAccountPin"/>
							</EXPRESSION>
							<EXPRESSION>
								<OPERAND type="OA" objType="variable" objRef="at3" attRef="gov.nasa.arc.brahms.atm.Atm.currentAccountPin"/>
							</EXPRESSION>
						</VALUECOMPARISON>
					</CONDITION>
				</CONSEQUENCE>
				<CONSEQUENCE>
					<CONDITION>
						<VALUECOMPARISON relation="eq">
							<EXPRESSION>
								<OPERAND type="OA" objType="current" objRef="current" attRef="gov.nasa.arc.brahms.atm.Bank.readyToTransmit"/>
							</EXPRESSION>
							<EXPRESSION>
								<OPERAND type="V" valueType="boolean" value="false"/>
							</EXPRESSION>
						</VALUECOMPARISON>
					</CONDITION>
				</CONSEQUENCE>
				<CONSEQUENCE>
					<CONDITION>
						<VALUECOMPARISON relation="eq">
							<EXPRESSION>
								<OPERAND type="OA" objType="current" objRef="current" attRef="gov.nasa.arc.brahms.atm.Bank.receivedData"/>
							</EXPRESSION>
							<EXPRESSION>
								<OPERAND type="V" valueType="boolean" value="false"/>
							</EXPRESSION>
						</VALUECOMPARISON>
					</CONDITION>
				</CONSEQUENCE>
				<CONSEQUENCE>
					<CONDITION>
						<VALUECOMPARISON relation="eq">
							<EXPRESSION>
								<OPERAND type="OA" objType="current" objRef="current" attRef="gov.nasa.arc.brahms.atm.Bank.hasReplied"/>
							</EXPRESSION>
							<EXPRESSION>
								<OPERAND type="V" valueType="boolean" value="true"/>
							</EXPRESSION>
						</VALUECOMPARISON>
					</CONDITION>
				</CONSEQUENCE>
				<CONSEQUENCE>
					<CONDITION>
						<VALUECOMPARISON relation="eq">
							<EXPRESSION>
								<OPERAND type="OA" objType="current" objRef="current" attRef="gov.nasa.arc.brahms.atm.Bank.balanceCalculated"/>
							</EXPRESSION>
							<EXPRESSION>
								<OPERAND type="V" valueType="boolean" value="false"/>
							</EXPRESSION>
						</VALUECOMPARISON>
					</CONDITION>
				</CONSEQUENCE>
				<CONSEQUENCE>
					<CONDITION>
						<VALUECOMPARISON relation="eq">
							<EXPRESSION>
								<OPERAND type="OA" objType="current" objRef="current" attRef="gov.nasa.arc.brahms.atm.Bank.balanceChecked"/>
							</EXPRESSION>
							<EXPRESSION>
								<OPERAND type="V" valueType="boolean" value="false"/>
							</EXPRESSION>
						</VALUECOMPARISON>
					</CONDITION>
				</CONSEQUENCE>
			</WF_DO>
		</WORKFRAME>
		<WORKFRAME name="gov.nasa.arc.brahms.atm.Bank.wf_compareInfo_ok" display="wf_compareInfo_ok" wftype="2" repeat="true">
			<VARIABLES>
				<VARIABLE name="bka" display="bka" quantification="foreach" type="gov.nasa.arc.brahms.atm.Account" typeDetail="Class"/>
			</VARIABLES>
			<WHEN>
				<PRECONDITION modifier="knownval">
					<CONDITION>
						<OBJECTCOMPARISON relation="gov.nasa.arc.brahms.atm.Account.openedWithBank">
							<EXPRESSION>
								<OPERAND type="O" objType="variable" objRef="bka"/>
							</EXPRESSION>
							<EXPRESSION>
								<OPERAND type="O" objType="current" objRef="current"/>
							</EXPRESSION>
						</OBJECTCOMPARISON>
					</CONDITION>
				</PRECONDITION>
				<PRECONDITION modifier="known">
					<CONDITION>
						<VALUECOMPARISON>
							<EXPRESSION>
								<OPERAND type="OA" objType="current" objRef="current" attRef="gov.nasa.arc.brahms.atm.Bank.receivedAccountCode"/>
							</EXPRESSION>
						</VALUECOMPARISON>
					</CONDITION>
				</PRECONDITION>
				<PRECONDITION modifier="known">
					<CONDITION>
						<VALUECOMPARISON>
							<EXPRESSION>
								<OPERAND type="OA" objType="current" objRef="current" attRef="gov.nasa.arc.brahms.atm.Bank.receivedAccountPin"/>
							</EXPRESSION>
						</VALUECOMPARISON>
					</CONDITION>
				</PRECONDITION>
				<PRECONDITION modifier="knownval">
					<CONDITION>
						<VALUECOMPARISON relation="eq">
							<EXPRESSION>
								<OPERAND type="OA" objType="current" objRef="current" attRef="gov.nasa.arc.brahms.atm.Bank.receivedAccountCode"/>
							</EXPRESSION>
							<EXPRESSION>
								<OPERAND type="OA" objType="variable" objRef="bka" attRef="gov.nasa.arc.brahms.atm.Account.code"/>
							</EXPRESSION>
						</VALUECOMPARISON>
					</CONDITION>
				</PRECONDITION>
				<PRECONDITION modifier="knownval">
					<CONDITION>
						<VALUECOMPARISON relation="eq">
							<EXPRESSION>
								<OPERAND type="OA" objType="current" objRef="current" attRef="gov.nasa.arc.brahms.atm.Bank.readyToTransmit"/>
							</EXPRESSION>
							<EXPRESSION>
								<OPERAND type="V" valueType="boolean" value="false"/>
							</EXPRESSION>
						</VALUECOMPARISON>
					</CONDITION>
				</PRECONDITION>
				<PRECONDITION modifier="knownval">
					<CONDITION>
						<VALUECOMPARISON relation="eq">
							<EXPRESSION>
								<OPERAND type="OA" objType="current" objRef="current" attRef="gov.nasa.arc.brahms.atm.Bank.hasReplied"/>
							</EXPRESSION>
							<EXPRESSION>
								<OPERAND type="V" valueType="boolean" value="false"/>
							</EXPRESSION>
						</VALUECOMPARISON>
					</CONDITION>
				</PRECONDITION>
				<PRECONDITION modifier="knownval">
					<CONDITION>
						<VALUECOMPARISON relation="eq">
							<EXPRESSION>
								<OPERAND type="OA" objType="current" objRef="current" attRef="gov.nasa.arc.brahms.atm.Bank.receivedData"/>
							</EXPRESSION>
							<EXPRESSION>
								<OPERAND type="V" valueType="boolean" value="true"/>
							</EXPRESSION>
						</VALUECOMPARISON>
					</CONDITION>
				</PRECONDITION>
				<PRECONDITION modifier="knownval">
					<CONDITION>
						<VALUECOMPARISON relation="eq">
							<EXPRESSION>
								<OPERAND type="OA" objType="current" objRef="current" attRef="gov.nasa.arc.brahms.atm.Bank.balanceChecked"/>
							</EXPRESSION>
							<EXPRESSION>
								<OPERAND type="V" valueType="boolean" value="true"/>
							</EXPRESSION>
						</VALUECOMPARISON>
					</CONDITION>
				</PRECONDITION>
				<PRECONDITION modifier="knownval">
					<CONDITION>
						<VALUECOMPARISON relation="eq">
							<EXPRESSION>
								<OPERAND type="OA" objType="current" objRef="current" attRef="gov.nasa.arc.brahms.atm.Bank.receivedAccountPin"/>
							</EXPRESSION>
							<EXPRESSION>
								<OPERAND type="OA" objType="variable" objRef="bka" attRef="gov.nasa.arc.brahms.atm.Account.pin"/>
							</EXPRESSION>
						</VALUECOMPARISON>
					</CONDITION>
				</PRECONDITION>
			</WHEN>
			<WF_DO>
				<ACTIVITYREF ref="gov.nasa.arc.brahms.atm.Bank.compareInfo_ok" activityType="Primitive">
				</ACTIVITYREF>
				<CONSEQUENCE>
					<CONDITION>
						<VALUECOMPARISON relation="eq">
							<EXPRESSION>
								<OPERAND type="OA" objType="current" objRef="current" attRef="gov.nasa.arc.brahms.atm.Bank.correctPin"/>
							</EXPRESSION>
							<EXPRESSION>
								<OPERAND type="V" valueType="boolean" value="true"/>
							</EXPRESSION>
						</VALUECOMPARISON>
					</CONDITION>
				</CONSEQUENCE>
				<CONSEQUENCE>
					<CONDITION>
						<VALUECOMPARISON relation="eq">
							<EXPRESSION>
								<OPERAND type="OA" objType="current" objRef="current" attRef="gov.nasa.arc.brahms.atm.Bank.readyToTransmit"/>
							</EXPRESSION>
							<EXPRESSION>
								<OPERAND type="V" valueType="boolean" value="true"/>
							</EXPRESSION>
						</VALUECOMPARISON>
					</CONDITION>
				</CONSEQUENCE>
			</WF_DO>
		</WORKFRAME>
		<WORKFRAME name="gov.nasa.arc.brahms.atm.Bank.wf_compareInfo_bad" display="wf_compareInfo_bad" wftype="2" repeat="true">
			<VARIABLES>
				<VARIABLE name="bka" display="bka" quantification="foreach" type="gov.nasa.arc.brahms.atm.Account" typeDetail="Class"/>
			</VARIABLES>
			<WHEN>
				<PRECONDITION modifier="knownval">
					<CONDITION>
						<OBJECTCOMPARISON relation="gov.nasa.arc.brahms.atm.Account.openedWithBank">
							<EXPRESSION>
								<OPERAND type="O" objType="variable" objRef="bka"/>
							</EXPRESSION>
							<EXPRESSION>
								<OPERAND type="O" objType="current" objRef="current"/>
							</EXPRESSION>
						</OBJECTCOMPARISON>
					</CONDITION>
				</PRECONDITION>
				<PRECONDITION modifier="known">
					<CONDITION>
						<VALUECOMPARISON>
							<EXPRESSION>
								<OPERAND type="OA" objType="current" objRef="current" attRef="gov.nasa.arc.brahms.atm.Bank.receivedAccountCode"/>
							</EXPRESSION>
						</VALUECOMPARISON>
					</CONDITION>
				</PRECONDITION>
				<PRECONDITION modifier="known">
					<CONDITION>
						<VALUECOMPARISON>
							<EXPRESSION>
								<OPERAND type="OA" objType="current" objRef="current" attRef="gov.nasa.arc.brahms.atm.Bank.receivedAccountPin"/>
							</EXPRESSION>
						</VALUECOMPARISON>
					</CONDITION>
				</PRECONDITION>
				<PRECONDITION modifier="knownval">
					<CONDITION>
						<VALUECOMPARISON relation="eq">
							<EXPRESSION>
								<OPERAND type="OA" objType="current" objRef="current" attRef="gov.nasa.arc.brahms.atm.Bank.receivedAccountCode"/>
							</EXPRESSION>
							<EXPRESSION>
								<OPERAND type="OA" objType="variable" objRef="bka" attRef="gov.nasa.arc.brahms.atm.Account.code"/>
							</EXPRESSION>
						</VALUECOMPARISON>
					</CONDITION>
				</PRECONDITION>
				<PRECONDITION modifier="knownval">
					<CONDITION>
						<VALUECOMPARISON relation="eq">
							<EXPRESSION>
								<OPERAND type="OA" objType="current" objRef="current" attRef="gov.nasa.arc.brahms.atm.Bank.readyToTransmit"/>
							</EXPRESSION>
							<EXPRESSION>
								<OPERAND type="V" valueType="boolean" value="false"/>
							</EXPRESSION>
						</VALUECOMPARISON>
					</CONDITION>
				</PRECONDITION>
				<PRECONDITION modifier="knownval">
					<CONDITION>
						<VALUECOMPARISON relation="eq">
							<EXPRESSION>
								<OPERAND type="OA" objType="current" objRef="current" attRef="gov.nasa.arc.brahms.atm.Bank.hasReplied"/>
							</EXPRESSION>
							<EXPRESSION>
								<OPERAND type="V" valueType="boolean" value="false"/>
							</EXPRESSION>
						</VALUECOMPARISON>
					</CONDITION>
				</PRECONDITION>
				<PRECONDITION modifier="knownval">
					<CONDITION>
						<VALUECOMPARISON relation="eq">
							<EXPRESSION>
								<OPERAND type="OA" objType="current" objRef="current" attRef="gov.nasa.arc.brahms.atm.Bank.balanceChecked"/>
							</EXPRESSION>
							<EXPRESSION>
								<OPERAND type="V" valueType="boolean" value="true"/>
							</EXPRESSION>
						</VALUECOMPARISON>
					</CONDITION>
				</PRECONDITION>
				<PRECONDITION modifier="knownval">
					<CONDITION>
						<VALUECOMPARISON relation="eq">
							<EXPRESSION>
								<OPERAND type="OA" objType="current" objRef="current" attRef="gov.nasa.arc.brahms.atm.Bank.receivedData"/>
							</EXPRESSION>
							<EXPRESSION>
								<OPERAND type="V" valueType="boolean" value="true"/>
							</EXPRESSION>
						</VALUECOMPARISON>
					</CONDITION>
				</PRECONDITION>
				<PRECONDITION modifier="knownval">
					<CONDITION>
						<VALUECOMPARISON relation="uneq">
							<EXPRESSION>
								<OPERAND type="OA" objType="current" objRef="current" attRef="gov.nasa.arc.brahms.atm.Bank.receivedAccountPin"/>
							</EXPRESSION>
							<EXPRESSION>
								<OPERAND type="OA" objType="variable" objRef="bka" attRef="gov.nasa.arc.brahms.atm.Account.pin"/>
							</EXPRESSION>
						</VALUECOMPARISON>
					</CONDITION>
				</PRECONDITION>
			</WHEN>
			<WF_DO>
				<ACTIVITYREF ref="gov.nasa.arc.brahms.atm.Bank.compareInfo_bad" activityType="Primitive">
				</ACTIVITYREF>
				<CONSEQUENCE>
					<CONDITION>
						<VALUECOMPARISON relation="eq">
							<EXPRESSION>
								<OPERAND type="OA" objType="current" objRef="current" attRef="gov.nasa.arc.brahms.atm.Bank.correctPin"/>
							</EXPRESSION>
							<EXPRESSION>
								<OPERAND type="V" valueType="boolean" value="false"/>
							</EXPRESSION>
						</VALUECOMPARISON>
					</CONDITION>
				</CONSEQUENCE>
				<CONSEQUENCE>
					<CONDITION>
						<VALUECOMPARISON relation="eq">
							<EXPRESSION>
								<OPERAND type="OA" objType="current" objRef="current" attRef="gov.nasa.arc.brahms.atm.Bank.readyToTransmit"/>
							</EXPRESSION>
							<EXPRESSION>
								<OPERAND type="V" valueType="boolean" value="true"/>
							</EXPRESSION>
						</VALUECOMPARISON>
					</CONDITION>
				</CONSEQUENCE>
				<CONSEQUENCE>
					<CONDITION>
						<VALUECOMPARISON relation="eq">
							<EXPRESSION>
								<OPERAND type="OA" objType="variable" objRef="bka" attRef="gov.nasa.arc.brahms.atm.Account.balance"/>
							</EXPRESSION>
							<EXPRESSION>
								<OPERAND type="OA" objType="current" objRef="current" attRef="gov.nasa.arc.brahms.atm.Bank.originalBalance"/>
							</EXPRESSION>
						</VALUECOMPARISON>
					</CONDITION>
				</CONSEQUENCE>
			</WF_DO>
		</WORKFRAME>
		<WORKFRAME name="gov.nasa.arc.brahms.atm.Bank.wf_checkBalance_ok" display="wf_checkBalance_ok" wftype="2" repeat="true">
			<VARIABLES>
				<VARIABLE name="at3" display="at3" quantification="forone" type="gov.nasa.arc.brahms.atm.Atm" typeDetail="Class"/>
				<VARIABLE name="bka" display="bka" quantification="foreach" type="gov.nasa.arc.brahms.atm.Account" typeDetail="Class"/>
			</VARIABLES>
			<WHEN>
				<PRECONDITION modifier="knownval">
					<CONDITION>
						<OBJECTCOMPARISON relation="gov.nasa.arc.brahms.atm.Account.openedWithBank">
							<EXPRESSION>
								<OPERAND type="O" objType="variable" objRef="bka"/>
							</EXPRESSION>
							<EXPRESSION>
								<OPERAND type="O" objType="current" objRef="current"/>
							</EXPRESSION>
						</OBJECTCOMPARISON>
					</CONDITION>
				</PRECONDITION>
				<PRECONDITION modifier="known">
					<CONDITION>
						<VALUECOMPARISON>
							<EXPRESSION>
								<OPERAND type="OA" objType="variable" objRef="at3" attRef="gov.nasa.arc.brahms.atm.Atm.currentAccountCode"/>
							</EXPRESSION>
						</VALUECOMPARISON>
					</CONDITION>
				</PRECONDITION>
				<PRECONDITION modifier="known">
					<CONDITION>
						<VALUECOMPARISON>
							<EXPRESSION>
								<OPERAND type="OA" objType="variable" objRef="at3" attRef="gov.nasa.arc.brahms.atm.Atm.currentAccountPin"/>
							</EXPRESSION>
						</VALUECOMPARISON>
					</CONDITION>
				</PRECONDITION>
				<PRECONDITION modifier="knownval">
					<CONDITION>
						<VALUECOMPARISON relation="eq">
							<EXPRESSION>
								<OPERAND type="OA" objType="variable" objRef="at3" attRef="gov.nasa.arc.brahms.atm.Atm.askedVerification"/>
							</EXPRESSION>
							<EXPRESSION>
								<OPERAND type="V" valueType="boolean" value="true"/>
							</EXPRESSION>
						</VALUECOMPARISON>
					</CONDITION>
				</PRECONDITION>
				<PRECONDITION modifier="known">
					<CONDITION>
						<VALUECOMPARISON>
							<EXPRESSION>
								<OPERAND type="OA" objType="current" objRef="current" attRef="gov.nasa.arc.brahms.atm.Bank.receivedAccountCode"/>
							</EXPRESSION>
						</VALUECOMPARISON>
					</CONDITION>
				</PRECONDITION>
				<PRECONDITION modifier="known">
					<CONDITION>
						<VALUECOMPARISON>
							<EXPRESSION>
								<OPERAND type="OA" objType="current" objRef="current" attRef="gov.nasa.arc.brahms.atm.Bank.receivedAccountPin"/>
							</EXPRESSION>
						</VALUECOMPARISON>
					</CONDITION>
				</PRECONDITION>
				<PRECONDITION modifier="knownval">
					<CONDITION>
						<VALUECOMPARISON relation="eq">
							<EXPRESSION>
								<OPERAND type="OA" objType="current" objRef="current" attRef="gov.nasa.arc.brahms.atm.Bank.receivedAccountCode"/>
							</EXPRESSION>
							<EXPRESSION>
								<OPERAND type="OA" objType="variable" objRef="bka" attRef="gov.nasa.arc.brahms.atm.Account.code"/>
							</EXPRESSION>
						</VALUECOMPARISON>
					</CONDITION>
				</PRECONDITION>
				<PRECONDITION modifier="knownval">
					<CONDITION>
						<VALUECOMPARISON relation="eq">
							<EXPRESSION>
								<OPERAND type="OA" objType="current" objRef="current" attRef="gov.nasa.arc.brahms.atm.Bank.readyToTransmit"/>
							</EXPRESSION>
							<EXPRESSION>
								<OPERAND type="V" valueType="boolean" value="false"/>
							</EXPRESSION>
						</VALUECOMPARISON>
					</CONDITION>
				</PRECONDITION>
				<PRECONDITION modifier="knownval">
					<CONDITION>
						<VALUECOMPARISON relation="eq">
							<EXPRESSION>
								<OPERAND type="OA" objType="current" objRef="current" attRef="gov.nasa.arc.brahms.atm.Bank.hasReplied"/>
							</EXPRESSION>
							<EXPRESSION>
								<OPERAND type="V" valueType="boolean" value="false"/>
							</EXPRESSION>
						</VALUECOMPARISON>
					</CONDITION>
				</PRECONDITION>
				<PRECONDITION modifier="knownval">
					<CONDITION>
						<VALUECOMPARISON relation="eq">
							<EXPRESSION>
								<OPERAND type="OA" objType="current" objRef="current" attRef="gov.nasa.arc.brahms.atm.Bank.receivedData"/>
							</EXPRESSION>
							<EXPRESSION>
								<OPERAND type="V" valueType="boolean" value="true"/>
							</EXPRESSION>
						</VALUECOMPARISON>
					</CONDITION>
				</PRECONDITION>
				<PRECONDITION modifier="knownval">
					<CONDITION>
						<VALUECOMPARISON relation="eq">
							<EXPRESSION>
								<OPERAND type="OA" objType="current" objRef="current" attRef="gov.nasa.arc.brahms.atm.Bank.balanceCalculated"/>
							</EXPRESSION>
							<EXPRESSION>
								<OPERAND type="V" valueType="boolean" value="true"/>
							</EXPRESSION>
						</VALUECOMPARISON>
					</CONDITION>
				</PRECONDITION>
				<PRECONDITION modifier="knownval">
					<CONDITION>
						<VALUECOMPARISON relation="eq">
							<EXPRESSION>
								<OPERAND type="OA" objType="current" objRef="current" attRef="gov.nasa.arc.brahms.atm.Bank.balanceChecked"/>
							</EXPRESSION>
							<EXPRESSION>
								<OPERAND type="V" valueType="boolean" value="false"/>
							</EXPRESSION>
						</VALUECOMPARISON>
					</CONDITION>
				</PRECONDITION>
				<PRECONDITION modifier="knownval">
					<CONDITION>
						<VALUECOMPARISON relation="gt">
							<EXPRESSION>
								<OPERAND type="OA" objType="variable" objRef="bka" attRef="gov.nasa.arc.brahms.atm.Account.balance"/>
							</EXPRESSION>
							<EXPRESSION>
								<OPERAND type="V" valueType="double" value="-1.0"/>
							</EXPRESSION>
						</VALUECOMPARISON>
					</CONDITION>
				</PRECONDITION>
			</WHEN>
			<WF_DO>
				<ACTIVITYREF ref="gov.nasa.arc.brahms.atm.Bank.checkBalance" activityType="Primitive">
				</ACTIVITYREF>
				<CONSEQUENCE>
					<CONDITION>
						<VALUECOMPARISON relation="eq">
							<EXPRESSION>
								<OPERAND type="OA" objType="current" objRef="current" attRef="gov.nasa.arc.brahms.atm.Bank.enoughBalance"/>
							</EXPRESSION>
							<EXPRESSION>
								<OPERAND type="V" valueType="boolean" value="true"/>
							</EXPRESSION>
						</VALUECOMPARISON>
					</CONDITION>
				</CONSEQUENCE>
				<CONSEQUENCE>
					<CONDITION>
						<VALUECOMPARISON relation="eq">
							<EXPRESSION>
								<OPERAND type="OA" objType="current" objRef="current" attRef="gov.nasa.arc.brahms.atm.Bank.balanceChecked"/>
							</EXPRESSION>
							<EXPRESSION>
								<OPERAND type="V" valueType="boolean" value="true"/>
							</EXPRESSION>
						</VALUECOMPARISON>
					</CONDITION>
				</CONSEQUENCE>
			</WF_DO>
		</WORKFRAME>
	</WORKFRAMES>
</CLASS>
