<?xml version="1.0" encoding="UTF-8" ?> 
<!DOCTYPE CLASS SYSTEM "file:///C:\Program Files\Brahms\AgentEnvironment\DTD\class.dtd"> 
<!-- Generated at Sat Jun 11 15:17:31 EDT 2005 -->

<CLASS name="gov.nasa.arc.brahms.atm.Invoice" display="Invoice" resource="true">
	<EXTENDS ref="brahms.base.BaseClass" />
	<ATTRIBUTES>
		<ATTRIBUTE name="gov.nasa.arc.brahms.atm.Invoice.balance" display="balance" scope="public" type="double"/>
		<ATTRIBUTE name="gov.nasa.arc.brahms.atm.Invoice.code" display="code" scope="public" type="int"/>
	</ATTRIBUTES>
	<RELATIONS>
		<RELATION name="gov.nasa.arc.brahms.atm.Invoice.printedByAtm" display="printedByAtm" scope="public" type="gov.nasa.arc.brahms.atm.Atm" typeDetail="Class"/>
	</RELATIONS>
</CLASS>
