<?xml version="1.0" encoding="UTF-8" ?> 
<!DOCTYPE OBJECT SYSTEM "file:///C:\Program Files\Brahms\AgentEnvironment\DTD\object.dtd"> 
<!-- Generated at Sat Jun 11 15:20:19 EDT 2005 -->

<OBJECT name="gov.nasa.arc.brahms.atm.Alex_Account" display="Alex_Account">
	<INSTANCEOF ref="gov.nasa.arc.brahms.atm.Account" />
	<FACTS>
		<FACT>
			<OAV lObjRef="current" lObjType="Current" attRef="gov.nasa.arc.brahms.atm.Account.balance" evalOp="eq" value="100.0" valueType="double"/>
		</FACT>
		<FACT>
			<OAV lObjRef="current" lObjType="Current" attRef="gov.nasa.arc.brahms.atm.Account.typeof" evalOp="eq" value="checking" valueType="symbol"/>
		</FACT>
		<FACT>
			<OAV lObjRef="current" lObjType="Current" attRef="gov.nasa.arc.brahms.atm.Account.code" evalOp="eq" value="1212" valueType="int"/>
		</FACT>
		<FACT>
			<OAV lObjRef="current" lObjType="Current" attRef="gov.nasa.arc.brahms.atm.Account.pin" evalOp="eq" value="1111" valueType="int"/>
		</FACT>
		<FACT>
			<ORO lObjRef="current"  lObjType="Current" relRef="gov.nasa.arc.brahms.atm.Account.openedWithBank" rObjRef="gov.nasa.arc.brahms.atm.Boa_Bank" rObjType="Object" />
		</FACT>
	</FACTS>
</OBJECT>
