<?xml version="1.0" encoding="UTF-8" ?> 
<!DOCTYPE CLASS SYSTEM "file:///C:\Program Files\Brahms\AgentEnvironment\DTD\class.dtd"> 
<!-- Generated at Sat Jun 11 15:20:19 EDT 2005 -->

<CLASS name="gov.nasa.arc.brahms.atm.Atm" display="Atm" resource="true">
	<EXTENDS ref="brahms.base.BaseClass" />
	<ATTRIBUTES>
		<ATTRIBUTE name="gov.nasa.arc.brahms.atm.Atm.sessionIsOn" display="sessionIsOn" scope="public" type="boolean"/>
		<ATTRIBUTE name="gov.nasa.arc.brahms.atm.Atm.askedVerification" display="askedVerification" scope="public" type="boolean"/>
		<ATTRIBUTE name="gov.nasa.arc.brahms.atm.Atm.cashCanBeDispensed" display="cashCanBeDispensed" scope="public" type="boolean"/>
		<ATTRIBUTE name="gov.nasa.arc.brahms.atm.Atm.currentAccountPin" display="currentAccountPin" scope="public" type="int"/>
		<ATTRIBUTE name="gov.nasa.arc.brahms.atm.Atm.checkedAccountPin" display="checkedAccountPin" scope="public" type="boolean"/>
		<ATTRIBUTE name="gov.nasa.arc.brahms.atm.Atm.pinChecked" display="pinChecked" scope="public" type="boolean"/>
		<ATTRIBUTE name="gov.nasa.arc.brahms.atm.Atm.checkedAccountCode" display="checkedAccountCode" scope="public" type="boolean"/>
		<ATTRIBUTE name="gov.nasa.arc.brahms.atm.Atm.currentAccountCode" display="currentAccountCode" scope="public" type="int"/>
	</ATTRIBUTES>
	<RELATIONS>
		<RELATION name="gov.nasa.arc.brahms.atm.Atm.ownedbyBank" display="ownedbyBank" scope="public" type="gov.nasa.arc.brahms.atm.Bank" typeDetail="Class"/>
	</RELATIONS>
	<FACTS>
		<FACT>
			<OAV lObjRef="current" lObjType="Current" attRef="gov.nasa.arc.brahms.atm.Atm.sessionIsOn" evalOp="eq" value="false" valueType="boolean"/>
		</FACT>
		<FACT>
			<OAV lObjRef="current" lObjType="Current" attRef="gov.nasa.arc.brahms.atm.Atm.checkedAccountCode" evalOp="eq" value="false" valueType="boolean"/>
		</FACT>
		<FACT>
			<OAV lObjRef="current" lObjType="Current" attRef="gov.nasa.arc.brahms.atm.Atm.checkedAccountPin" evalOp="eq" value="false" valueType="boolean"/>
		</FACT>
		<FACT>
			<OAV lObjRef="current" lObjType="Current" attRef="gov.nasa.arc.brahms.atm.Atm.pinChecked" evalOp="eq" value="false" valueType="boolean"/>
		</FACT>
		<FACT>
			<OAV lObjRef="current" lObjType="Current" attRef="gov.nasa.arc.brahms.atm.Atm.askedVerification" evalOp="eq" value="false" valueType="boolean"/>
		</FACT>
		<FACT>
			<OAV lObjRef="current" lObjType="Current" attRef="gov.nasa.arc.brahms.atm.Atm.cashCanBeDispensed" evalOp="uneq" value="false" valueType="boolean"/>
		</FACT>
	</FACTS>
</CLASS>
