<?xml version="1.0" encoding="UTF-8" ?> 
<!DOCTYPE CLASS SYSTEM "file:///C:\Program Files\Brahms\AgentEnvironment\DTD\class.dtd"> 
<!-- Generated at Sat Jun 11 15:20:19 EDT 2005 -->

<CLASS name="gov.nasa.arc.brahms.atm.Bank" display="Bank" resource="true">
	<EXTENDS ref="brahms.base.BaseClass" />
	<ATTRIBUTES>
		<ATTRIBUTE name="gov.nasa.arc.brahms.atm.Bank.name" display="name" scope="public" type="string"/>
		<ATTRIBUTE name="gov.nasa.arc.brahms.atm.Bank.sessionIsOn" display="sessionIsOn" scope="public" type="boolean"/>
		<ATTRIBUTE name="gov.nasa.arc.brahms.atm.Bank.authorizeCash" display="authorizeCash" scope="public" type="boolean"/>
		<ATTRIBUTE name="gov.nasa.arc.brahms.atm.Bank.receivedData" display="receivedData" scope="public" type="boolean"/>
		<ATTRIBUTE name="gov.nasa.arc.brahms.atm.Bank.receivedAccountPin" display="receivedAccountPin" scope="public" type="int"/>
		<ATTRIBUTE name="gov.nasa.arc.brahms.atm.Bank.readyToTransmit" display="readyToTransmit" scope="public" type="boolean"/>
		<ATTRIBUTE name="gov.nasa.arc.brahms.atm.Bank.receivedAccountCode" display="receivedAccountCode" scope="public" type="int"/>
	</ATTRIBUTES>
	<FACTS>
		<FACT>
			<OAV lObjRef="current" lObjType="Current" attRef="gov.nasa.arc.brahms.atm.Bank.receivedAccountPin" evalOp="uneq" value="0" valueType="int"/>
		</FACT>
		<FACT>
			<OAV lObjRef="current" lObjType="Current" attRef="gov.nasa.arc.brahms.atm.Bank.receivedAccountCode" evalOp="uneq" value="0" valueType="int"/>
		</FACT>
		<FACT>
			<OAV lObjRef="current" lObjType="Current" attRef="gov.nasa.arc.brahms.atm.Bank.authorizeCash" evalOp="uneq" value="false" valueType="boolean"/>
		</FACT>
		<FACT>
			<OAV lObjRef="current" lObjType="Current" attRef="gov.nasa.arc.brahms.atm.Bank.readyToTransmit" evalOp="eq" value="false" valueType="boolean"/>
		</FACT>
		<FACT>
			<OAV lObjRef="current" lObjType="Current" attRef="gov.nasa.arc.brahms.atm.Bank.receivedData" evalOp="eq" value="false" valueType="boolean"/>
		</FACT>
		<FACT>
			<OAV lObjRef="current" lObjType="Current" attRef="gov.nasa.arc.brahms.atm.Bank.sessionIsOn" evalOp="eq" value="false" valueType="boolean"/>
		</FACT>
	</FACTS>
</CLASS>
