<?xml version="1.0" encoding="UTF-8" ?> 
<!DOCTYPE GROUP SYSTEM "file:///C:\Program Files\Brahms\AgentEnvironment\DTD\group.dtd"> 
<!-- Generated at Sat Jun 11 15:20:18 EDT 2005 -->

<GROUP name="gov.nasa.arc.brahms.atm.Student" display="Student">
	<MEMBEROF ref="brahms.base.BaseGroup" />
	<ATTRIBUTES>
		<ATTRIBUTE name="gov.nasa.arc.brahms.atm.Student.chosenBank" display="chosenBank" scope="public" type="gov.nasa.arc.brahms.atm.Bank" typeDetail="Class"/>
		<ATTRIBUTE name="gov.nasa.arc.brahms.atm.Student.howHungry" display="howHungry" scope="public" type="double"/>
		<ATTRIBUTE name="gov.nasa.arc.brahms.atm.Student.preferredCashOut" display="preferredCashOut" scope="public" type="double"/>
		<ATTRIBUTE name="gov.nasa.arc.brahms.atm.Student.male" display="male" scope="public" type="boolean"/>
		<ATTRIBUTE name="gov.nasa.arc.brahms.atm.Student.receivedCash" display="receivedCash" scope="public" type="boolean"/>
		<ATTRIBUTE name="gov.nasa.arc.brahms.atm.Student.needCash" display="needCash" scope="public" type="boolean"/>
		<ATTRIBUTE name="gov.nasa.arc.brahms.atm.Student.pinCommunicated" display="pinCommunicated" scope="public" type="boolean"/>
		<ATTRIBUTE name="gov.nasa.arc.brahms.atm.Student.readyToLeaveRestaurant" display="readyToLeaveRestaurant" scope="public" type="boolean"/>
		<ATTRIBUTE name="gov.nasa.arc.brahms.atm.Student.readyToLeaveAtm" display="readyToLeaveAtm" scope="public" type="boolean"/>
		<ATTRIBUTE name="gov.nasa.arc.brahms.atm.Student.perceivedtime" display="perceivedtime" scope="public" type="int"/>
	</ATTRIBUTES>
	<RELATIONS>
		<RELATION name="gov.nasa.arc.brahms.atm.Student.hasAccount" display="hasAccount" scope="public" type="gov.nasa.arc.brahms.atm.Account" typeDetail="Class"/>
		<RELATION name="gov.nasa.arc.brahms.atm.Student.hasBankCard" display="hasBankCard" scope="public" type="gov.nasa.arc.brahms.atm.BankCard" typeDetail="Class"/>
		<RELATION name="gov.nasa.arc.brahms.atm.Student.hasCash" display="hasCash" scope="public" type="gov.nasa.arc.brahms.atm.Cash" typeDetail="Class"/>
	</RELATIONS>
	<BELIEFS>
		<BELIEF>
			<OAO lObjRef="gov.nasa.arc.brahms.atm.Blakes_Diner" lObjType="Object" attRef="brahms.base.BaseClass.location" equalOp="eq" rObjRef="gov.nasa.arc.brahms.atm.Telegraph_Av_2134" rObjType="Area"/>
		</BELIEF>
		<BELIEF>
			<OAO lObjRef="gov.nasa.arc.brahms.atm.Raleigh_Diner" lObjType="Object" attRef="brahms.base.BaseClass.location" equalOp="eq" rObjRef="gov.nasa.arc.brahms.atm.Telegraph_Av_2405" rObjType="Area"/>
		</BELIEF>
		<BELIEF>
			<OAO lObjRef="gov.nasa.arc.brahms.atm.Boa_Atm" lObjType="Object" attRef="brahms.base.BaseClass.location" equalOp="eq" rObjRef="gov.nasa.arc.brahms.atm.Telegraph_Av_113" rObjType="Area"/>
		</BELIEF>
		<BELIEF>
			<OAV lObjRef="current" lObjType="Current" attRef="gov.nasa.arc.brahms.atm.Student.perceivedtime" evalOp="eq" value="1" valueType="int"/>
		</BELIEF>
		<BELIEF>
			<OAV lObjRef="gov.nasa.arc.brahms.atm.Campanile_Clock" lObjType="Object" attRef="gov.nasa.arc.brahms.atm.MyClock.time" evalOp="eq" value="1" valueType="int"/>
		</BELIEF>
		<BELIEF>
			<OAV lObjRef="current" lObjType="Current" attRef="gov.nasa.arc.brahms.atm.Student.readyToLeaveRestaurant" evalOp="eq" value="false" valueType="boolean"/>
		</BELIEF>
	</BELIEFS>
	<ACTIVITIES>
		<MOVE_ACT name="gov.nasa.arc.brahms.atm.Student.moveToLocation" display="moveToLocation" location="loc" detectDepartureInSubAreas="true" detectArrivalInSubAreas="true">
			<PARAMETERS>
				<PARAMETER name="loc" type="brahms.base.Building" typeDetail="AreaDef" />
			</PARAMETERS>
		</MOVE_ACT>
		<MOVE_ACT name="gov.nasa.arc.brahms.atm.Student.moveToLocationForCash" display="moveToLocationForCash" location="loc" detectDepartureInSubAreas="true" detectArrivalInSubAreas="true">
			<PARAMETERS>
				<PARAMETER name="loc" type="brahms.base.Building" typeDetail="AreaDef" />
			</PARAMETERS>
		</MOVE_ACT>
		<PRIM_ACT name="gov.nasa.arc.brahms.atm.Student.eat" display="eat" maxDuration="400">
		</PRIM_ACT>
		<MOVE_ACT name="gov.nasa.arc.brahms.atm.Student.moveToSouthHall" display="moveToSouthHall" location="gov.nasa.arc.brahms.atm.SouthHall" detectDepartureInSubAreas="true" detectArrivalInSubAreas="true">
		</MOVE_ACT>
		<MOVE_ACT name="gov.nasa.arc.brahms.atm.Student.moveToRestaurant" display="moveToRestaurant" location="gov.nasa.arc.brahms.atm.Telegraph_Av_2405" detectDepartureInSubAreas="true" detectArrivalInSubAreas="true">
		</MOVE_ACT>
		<COMP_ACT name="gov.nasa.arc.brahms.atm.Student.useATM" display="useATM" endCondition="nowork">
			<ACTIVITIES>
				<COMM_ACT name="gov.nasa.arc.brahms.atm.Student.useATM$communicatePIN" display="communicatePIN" maxDuration="20" when="end">
					<PARAMETERS>
						<PARAMETER name="at3" type="gov.nasa.arc.brahms.atm.Atm" typeDetail="Class" />
						<PARAMETER name="bka" type="gov.nasa.arc.brahms.atm.Account" typeDetail="Class" />
					</PARAMETERS>
					<WITH>
						<WITHREF ref="at3" />
					</WITH>
					<ABOUT>
						<SEND>
							<CONDITION>
								<VALUECOMPARISON relation="eq">
									<EXPRESSION>
										<OPERAND type="OA" objType="parameter" objRef="bka" attRef="gov.nasa.arc.brahms.atm.Account.pin"/>
									</EXPRESSION>
									<EXPRESSION>
										<OPERAND type="UNKNOWN"/>
									</EXPRESSION>
								</VALUECOMPARISON>
							</CONDITION>
						</SEND>
					</ABOUT>
				</COMM_ACT>
				<PRIM_ACT name="gov.nasa.arc.brahms.atm.Student.useATM$getCash" display="getCash" maxDuration="50">
				</PRIM_ACT>
				<PRIM_ACT name="gov.nasa.arc.brahms.atm.Student.useATM$insertBankCard" display="insertBankCard" maxDuration="45">
				</PRIM_ACT>
			</ACTIVITIES>
			<WORKFRAMES>
				<WORKFRAME name="gov.nasa.arc.brahms.atm.Student.useATM.wf_backToStudy" display="wf_backToStudy" wftype="1" repeat="true">
					<VARIABLES>
						<VARIABLE name="at5" display="at5" quantification="forone" type="gov.nasa.arc.brahms.atm.Atm" typeDetail="Class"/>
					</VARIABLES>
					<WHEN>
						<PRECONDITION modifier="knownval">
							<CONDITION>
								<VALUECOMPARISON relation="eq">
									<EXPRESSION>
										<OPERAND type="OA" objType="current" objRef="current" attRef="gov.nasa.arc.brahms.atm.Student.readyToLeaveAtm"/>
									</EXPRESSION>
									<EXPRESSION>
										<OPERAND type="V" valueType="boolean" value="true"/>
									</EXPRESSION>
								</VALUECOMPARISON>
							</CONDITION>
						</PRECONDITION>
						<PRECONDITION modifier="knownval">
							<CONDITION>
								<VALUECOMPARISON relation="eq">
									<EXPRESSION>
										<OPERAND type="OA" objType="current" objRef="current" attRef="brahms.base.BaseGroup.location"/>
									</EXPRESSION>
									<EXPRESSION>
										<OPERAND type="OA" objType="variable" objRef="at5" attRef="brahms.base.BaseClass.location"/>
									</EXPRESSION>
								</VALUECOMPARISON>
							</CONDITION>
						</PRECONDITION>
					</WHEN>
					<WF_DO>
						<ACTIVITYREF ref="gov.nasa.arc.brahms.atm.Student.moveToLocation" activityType="Move">
							<PARAMVALS>
								<PARAMVAL parameter="loc" value="gov.nasa.arc.brahms.atm.SouthHall" valueType="Area"/>
							</PARAMVALS>
						</ACTIVITYREF>
						<CONSEQUENCE>
							<CONDITION>
								<VALUECOMPARISON relation="eq">
									<EXPRESSION>
										<OPERAND type="OA" objType="current" objRef="current" attRef="gov.nasa.arc.brahms.atm.Student.needCash"/>
									</EXPRESSION>
									<EXPRESSION>
										<OPERAND type="V" valueType="boolean" value="false"/>
									</EXPRESSION>
								</VALUECOMPARISON>
							</CONDITION>
						</CONSEQUENCE>
						<CONSEQUENCE factCertainty="0">
							<CONDITION>
								<VALUECOMPARISON relation="eq">
									<EXPRESSION>
										<OPERAND type="OA" objType="current" objRef="current" attRef="gov.nasa.arc.brahms.atm.Student.readyToLeaveAtm"/>
									</EXPRESSION>
									<EXPRESSION>
										<OPERAND type="V" valueType="boolean" value="false"/>
									</EXPRESSION>
								</VALUECOMPARISON>
							</CONDITION>
						</CONSEQUENCE>
						<CONSEQUENCE factCertainty="0">
							<CONDITION>
								<VALUECOMPARISON relation="eq">
									<EXPRESSION>
										<OPERAND type="OA" objType="current" objRef="current" attRef="gov.nasa.arc.brahms.atm.Student.receivedCash"/>
									</EXPRESSION>
									<EXPRESSION>
										<OPERAND type="V" valueType="boolean" value="false"/>
									</EXPRESSION>
								</VALUECOMPARISON>
							</CONDITION>
						</CONSEQUENCE>
					</WF_DO>
				</WORKFRAME>
				<WORKFRAME name="gov.nasa.arc.brahms.atm.Student.useATM.wf_getCash" display="wf_getCash" wftype="1" repeat="true">
					<VARIABLES>
						<VARIABLE name="bkc4" display="bkc4" quantification="forone" type="gov.nasa.arc.brahms.atm.BankCard" typeDetail="Class"/>
						<VARIABLE name="cs4" display="cs4" quantification="forone" type="gov.nasa.arc.brahms.atm.Cash" typeDetail="Class"/>
						<VARIABLE name="at4" display="at4" quantification="forone" type="gov.nasa.arc.brahms.atm.Atm" typeDetail="Class"/>
						<VARIABLE name="bk4" display="bk4" quantification="forone" type="gov.nasa.arc.brahms.atm.Bank" typeDetail="Class"/>
					</VARIABLES>
					<WHEN>
						<PRECONDITION modifier="knownval">
							<CONDITION>
								<OBJECTCOMPARISON relation="gov.nasa.arc.brahms.atm.Student.hasBankCard">
									<EXPRESSION>
										<OPERAND type="O" objType="current" objRef="current"/>
									</EXPRESSION>
									<EXPRESSION>
										<OPERAND type="O" objType="variable" objRef="bkc4"/>
									</EXPRESSION>
								</OBJECTCOMPARISON>
							</CONDITION>
						</PRECONDITION>
						<PRECONDITION modifier="knownval">
							<CONDITION>
								<OBJECTCOMPARISON relation="gov.nasa.arc.brahms.atm.Student.hasCash">
									<EXPRESSION>
										<OPERAND type="O" objType="current" objRef="current"/>
									</EXPRESSION>
									<EXPRESSION>
										<OPERAND type="O" objType="variable" objRef="cs4"/>
									</EXPRESSION>
								</OBJECTCOMPARISON>
							</CONDITION>
						</PRECONDITION>
						<PRECONDITION modifier="knownval">
							<CONDITION>
								<OBJECTCOMPARISON relation="brahms.base.BaseGroup.contains">
									<EXPRESSION>
										<OPERAND type="O" objType="current" objRef="current"/>
									</EXPRESSION>
									<EXPRESSION>
										<OPERAND type="O" objType="variable" objRef="bkc4"/>
									</EXPRESSION>
								</OBJECTCOMPARISON>
							</CONDITION>
						</PRECONDITION>
						<PRECONDITION modifier="knownval">
							<CONDITION>
								<VALUECOMPARISON relation="eq">
									<EXPRESSION>
										<OPERAND type="OA" objType="current" objRef="current" attRef="gov.nasa.arc.brahms.atm.Student.chosenBank"/>
									</EXPRESSION>
									<EXPRESSION>
										<OPERAND type="O" objType="variable" objRef="bk4"/>
									</EXPRESSION>
								</VALUECOMPARISON>
							</CONDITION>
						</PRECONDITION>
						<PRECONDITION modifier="knownval">
							<CONDITION>
								<OBJECTCOMPARISON relation="gov.nasa.arc.brahms.atm.Atm.ownedbyBank">
									<EXPRESSION>
										<OPERAND type="O" objType="variable" objRef="at4"/>
									</EXPRESSION>
									<EXPRESSION>
										<OPERAND type="O" objType="variable" objRef="bk4"/>
									</EXPRESSION>
								</OBJECTCOMPARISON>
							</CONDITION>
						</PRECONDITION>
						<PRECONDITION modifier="knownval">
							<CONDITION>
								<VALUECOMPARISON relation="eq">
									<EXPRESSION>
										<OPERAND type="OA" objType="current" objRef="current" attRef="gov.nasa.arc.brahms.atm.Student.pinCommunicated"/>
									</EXPRESSION>
									<EXPRESSION>
										<OPERAND type="V" valueType="boolean" value="true"/>
									</EXPRESSION>
								</VALUECOMPARISON>
							</CONDITION>
						</PRECONDITION>
					</WHEN>
					<WF_DO>
						<ACTIVITYREF ref="gov.nasa.arc.brahms.atm.Student.useATM$getCash" activityType="Primitive">
						</ACTIVITYREF>
						<CONSEQUENCE>
							<CONDITION>
								<VALUECOMPARISON relation="eq">
									<EXPRESSION>
										<OPERAND type="OA" objType="variable" objRef="cs4" attRef="gov.nasa.arc.brahms.atm.Cash.amount"/>
									</EXPRESSION>
									<EXPRESSION operator="plus">
										<OPERAND type="OA" objType="variable" objRef="cs4" attRef="gov.nasa.arc.brahms.atm.Cash.amount"/>
										<OPERAND type="OA" objType="current" objRef="current" attRef="gov.nasa.arc.brahms.atm.Student.preferredCashOut"/>
									</EXPRESSION>
								</VALUECOMPARISON>
							</CONDITION>
						</CONSEQUENCE>
						<CONSEQUENCE factCertainty="0">
							<CONDITION>
								<VALUECOMPARISON relation="eq">
									<EXPRESSION>
										<OPERAND type="OA" objType="current" objRef="current" attRef="gov.nasa.arc.brahms.atm.Student.pinCommunicated"/>
									</EXPRESSION>
									<EXPRESSION>
										<OPERAND type="V" valueType="boolean" value="false"/>
									</EXPRESSION>
								</VALUECOMPARISON>
							</CONDITION>
						</CONSEQUENCE>
						<CONSEQUENCE factCertainty="0">
							<CONDITION>
								<VALUECOMPARISON relation="eq">
									<EXPRESSION>
										<OPERAND type="OA" objType="current" objRef="current" attRef="gov.nasa.arc.brahms.atm.Student.receivedCash"/>
									</EXPRESSION>
									<EXPRESSION>
										<OPERAND type="V" valueType="boolean" value="true"/>
									</EXPRESSION>
								</VALUECOMPARISON>
							</CONDITION>
						</CONSEQUENCE>
						<CONSEQUENCE factCertainty="0">
							<CONDITION>
								<VALUECOMPARISON relation="eq">
									<EXPRESSION>
										<OPERAND type="OA" objType="current" objRef="current" attRef="gov.nasa.arc.brahms.atm.Student.readyToLeaveAtm"/>
									</EXPRESSION>
									<EXPRESSION>
										<OPERAND type="V" valueType="boolean" value="true"/>
									</EXPRESSION>
								</VALUECOMPARISON>
							</CONDITION>
						</CONSEQUENCE>
					</WF_DO>
				</WORKFRAME>
				<WORKFRAME name="gov.nasa.arc.brahms.atm.Student.useATM.wf_moveToLocationForCash" display="wf_moveToLocationForCash" wftype="1" repeat="true">
					<VARIABLES>
						<VARIABLE name="bk" display="bk" quantification="forone" type="gov.nasa.arc.brahms.atm.Bank" typeDetail="Class"/>
						<VARIABLE name="at" display="at" quantification="forone" type="gov.nasa.arc.brahms.atm.Atm" typeDetail="Class"/>
						<VARIABLE name="cs" display="cs" quantification="forone" type="gov.nasa.arc.brahms.atm.Cash" typeDetail="Class"/>
						<VARIABLE name="bd" display="bd" quantification="forone" type="brahms.base.Building" typeDetail="AreaDef"/>
					</VARIABLES>
					<WHEN>
						<PRECONDITION modifier="knownval">
							<CONDITION>
								<OBJECTCOMPARISON relation="gov.nasa.arc.brahms.atm.Student.hasCash">
									<EXPRESSION>
										<OPERAND type="O" objType="current" objRef="current"/>
									</EXPRESSION>
									<EXPRESSION>
										<OPERAND type="O" objType="variable" objRef="cs"/>
									</EXPRESSION>
								</OBJECTCOMPARISON>
							</CONDITION>
						</PRECONDITION>
						<PRECONDITION modifier="knownval">
							<CONDITION>
								<VALUECOMPARISON relation="eq">
									<EXPRESSION>
										<OPERAND type="OA" objType="current" objRef="current" attRef="gov.nasa.arc.brahms.atm.Student.chosenBank"/>
									</EXPRESSION>
									<EXPRESSION>
										<OPERAND type="O" objType="variable" objRef="bk"/>
									</EXPRESSION>
								</VALUECOMPARISON>
							</CONDITION>
						</PRECONDITION>
						<PRECONDITION modifier="knownval">
							<CONDITION>
								<OBJECTCOMPARISON relation="gov.nasa.arc.brahms.atm.Atm.ownedbyBank">
									<EXPRESSION>
										<OPERAND type="O" objType="variable" objRef="at"/>
									</EXPRESSION>
									<EXPRESSION>
										<OPERAND type="O" objType="variable" objRef="bk"/>
									</EXPRESSION>
								</OBJECTCOMPARISON>
							</CONDITION>
						</PRECONDITION>
						<PRECONDITION modifier="knownval">
							<CONDITION>
								<VALUECOMPARISON relation="lt">
									<EXPRESSION>
										<OPERAND type="OA" objType="variable" objRef="cs" attRef="gov.nasa.arc.brahms.atm.Cash.amount"/>
									</EXPRESSION>
									<EXPRESSION>
										<OPERAND type="V" valueType="double" value="10.0"/>
									</EXPRESSION>
								</VALUECOMPARISON>
							</CONDITION>
						</PRECONDITION>
						<PRECONDITION modifier="not">
							<CONDITION>
								<VALUECOMPARISON relation="eq">
									<EXPRESSION>
										<OPERAND type="OA" objType="current" objRef="current" attRef="brahms.base.BaseGroup.location"/>
									</EXPRESSION>
									<EXPRESSION>
										<OPERAND type="OA" objType="variable" objRef="at" attRef="brahms.base.BaseClass.location"/>
									</EXPRESSION>
								</VALUECOMPARISON>
							</CONDITION>
						</PRECONDITION>
						<PRECONDITION modifier="knownval">
							<CONDITION>
								<VALUECOMPARISON relation="eq">
									<EXPRESSION>
										<OPERAND type="OA" objType="variable" objRef="at" attRef="brahms.base.BaseClass.location"/>
									</EXPRESSION>
									<EXPRESSION>
										<OPERAND type="O" objType="variable" objRef="bd"/>
									</EXPRESSION>
								</VALUECOMPARISON>
							</CONDITION>
						</PRECONDITION>
					</WHEN>
					<WF_DO>
						<ACTIVITYREF ref="gov.nasa.arc.brahms.atm.Student.moveToLocation" activityType="Move">
							<PARAMVALS>
								<PARAMVAL parameter="loc" value="bd" valueType="Variable"/>
							</PARAMVALS>
						</ACTIVITYREF>
					</WF_DO>
				</WORKFRAME>
				<WORKFRAME name="gov.nasa.arc.brahms.atm.Student.useATM.wf_insertBankCard" display="wf_insertBankCard" wftype="1" repeat="true">
					<VARIABLES>
						<VARIABLE name="bkc2" display="bkc2" quantification="forone" type="gov.nasa.arc.brahms.atm.BankCard" typeDetail="Class"/>
						<VARIABLE name="bd2" display="bd2" quantification="forone" type="brahms.base.Building" typeDetail="AreaDef"/>
						<VARIABLE name="at2" display="at2" quantification="forone" type="gov.nasa.arc.brahms.atm.Atm" typeDetail="Class"/>
						<VARIABLE name="bk2" display="bk2" quantification="forone" type="gov.nasa.arc.brahms.atm.Bank" typeDetail="Class"/>
					</VARIABLES>
					<WHEN>
						<PRECONDITION modifier="knownval">
							<CONDITION>
								<OBJECTCOMPARISON relation="gov.nasa.arc.brahms.atm.Student.hasBankCard">
									<EXPRESSION>
										<OPERAND type="O" objType="current" objRef="current"/>
									</EXPRESSION>
									<EXPRESSION>
										<OPERAND type="O" objType="variable" objRef="bkc2"/>
									</EXPRESSION>
								</OBJECTCOMPARISON>
							</CONDITION>
						</PRECONDITION>
						<PRECONDITION modifier="knownval">
							<CONDITION>
								<VALUECOMPARISON relation="eq">
									<EXPRESSION>
										<OPERAND type="OA" objType="current" objRef="current" attRef="gov.nasa.arc.brahms.atm.Student.chosenBank"/>
									</EXPRESSION>
									<EXPRESSION>
										<OPERAND type="O" objType="variable" objRef="bk2"/>
									</EXPRESSION>
								</VALUECOMPARISON>
							</CONDITION>
						</PRECONDITION>
						<PRECONDITION modifier="knownval">
							<CONDITION>
								<OBJECTCOMPARISON relation="gov.nasa.arc.brahms.atm.Atm.ownedbyBank">
									<EXPRESSION>
										<OPERAND type="O" objType="variable" objRef="at2"/>
									</EXPRESSION>
									<EXPRESSION>
										<OPERAND type="O" objType="variable" objRef="bk2"/>
									</EXPRESSION>
								</OBJECTCOMPARISON>
							</CONDITION>
						</PRECONDITION>
						<PRECONDITION modifier="knownval">
							<CONDITION>
								<VALUECOMPARISON relation="eq">
									<EXPRESSION>
										<OPERAND type="OA" objType="current" objRef="current" attRef="gov.nasa.arc.brahms.atm.Student.receivedCash"/>
									</EXPRESSION>
									<EXPRESSION>
										<OPERAND type="V" valueType="boolean" value="false"/>
									</EXPRESSION>
								</VALUECOMPARISON>
							</CONDITION>
						</PRECONDITION>
						<PRECONDITION modifier="knownval">
							<CONDITION>
								<VALUECOMPARISON relation="eq">
									<EXPRESSION>
										<OPERAND type="OA" objType="current" objRef="current" attRef="brahms.base.BaseGroup.location"/>
									</EXPRESSION>
									<EXPRESSION>
										<OPERAND type="OA" objType="variable" objRef="at2" attRef="brahms.base.BaseClass.location"/>
									</EXPRESSION>
								</VALUECOMPARISON>
							</CONDITION>
						</PRECONDITION>
						<PRECONDITION modifier="knownval">
							<CONDITION>
								<VALUECOMPARISON relation="eq">
									<EXPRESSION>
										<OPERAND type="OA" objType="current" objRef="current" attRef="gov.nasa.arc.brahms.atm.Student.pinCommunicated"/>
									</EXPRESSION>
									<EXPRESSION>
										<OPERAND type="V" valueType="boolean" value="false"/>
									</EXPRESSION>
								</VALUECOMPARISON>
							</CONDITION>
						</PRECONDITION>
						<PRECONDITION modifier="knownval">
							<CONDITION>
								<OBJECTCOMPARISON relation="brahms.base.BaseGroup.contains">
									<EXPRESSION>
										<OPERAND type="O" objType="current" objRef="current"/>
									</EXPRESSION>
									<EXPRESSION>
										<OPERAND type="O" objType="variable" objRef="bkc2"/>
									</EXPRESSION>
								</OBJECTCOMPARISON>
							</CONDITION>
						</PRECONDITION>
					</WHEN>
					<WF_DO>
						<ACTIVITYREF ref="gov.nasa.arc.brahms.atm.Student.useATM$insertBankCard" activityType="Primitive">
						</ACTIVITYREF>
						<CONSEQUENCE>
							<CONDITION  truthValue="false">
								<OBJECTCOMPARISON relation="brahms.base.BaseGroup.contains">
									<EXPRESSION>
										<OPERAND type="O" objType="current" objRef="current"/>
									</EXPRESSION>
									<EXPRESSION>
										<OPERAND type="O" objType="variable" objRef="bkc2"/>
									</EXPRESSION>
								</OBJECTCOMPARISON>
							</CONDITION>
						</CONSEQUENCE>
						<CONSEQUENCE>
							<CONDITION>
								<OBJECTCOMPARISON relation="brahms.base.BaseClass.contains">
									<EXPRESSION>
										<OPERAND type="O" objType="variable" objRef="at2"/>
									</EXPRESSION>
									<EXPRESSION>
										<OPERAND type="O" objType="variable" objRef="bkc2"/>
									</EXPRESSION>
								</OBJECTCOMPARISON>
							</CONDITION>
						</CONSEQUENCE>
					</WF_DO>
				</WORKFRAME>
				<WORKFRAME name="gov.nasa.arc.brahms.atm.Student.useATM.wf_communicatePIN" display="wf_communicatePIN" wftype="1" repeat="true">
					<VARIABLES>
						<VARIABLE name="bkc3" display="bkc3" quantification="forone" type="gov.nasa.arc.brahms.atm.BankCard" typeDetail="Class"/>
						<VARIABLE name="bd3" display="bd3" quantification="forone" type="brahms.base.Building" typeDetail="AreaDef"/>
						<VARIABLE name="at3" display="at3" quantification="forone" type="gov.nasa.arc.brahms.atm.Atm" typeDetail="Class"/>
						<VARIABLE name="ba3" display="ba3" quantification="forone" type="gov.nasa.arc.brahms.atm.Bank" typeDetail="Class"/>
						<VARIABLE name="bka" display="bka" quantification="forone" type="gov.nasa.arc.brahms.atm.Account" typeDetail="Class"/>
					</VARIABLES>
					<WHEN>
						<PRECONDITION modifier="knownval">
							<CONDITION>
								<OBJECTCOMPARISON relation="gov.nasa.arc.brahms.atm.Student.hasBankCard">
									<EXPRESSION>
										<OPERAND type="O" objType="current" objRef="current"/>
									</EXPRESSION>
									<EXPRESSION>
										<OPERAND type="O" objType="variable" objRef="bkc3"/>
									</EXPRESSION>
								</OBJECTCOMPARISON>
							</CONDITION>
						</PRECONDITION>
						<PRECONDITION modifier="not">
							<CONDITION>
								<OBJECTCOMPARISON relation="brahms.base.BaseGroup.contains">
									<EXPRESSION>
										<OPERAND type="O" objType="current" objRef="current"/>
									</EXPRESSION>
									<EXPRESSION>
										<OPERAND type="O" objType="variable" objRef="bkc3"/>
									</EXPRESSION>
								</OBJECTCOMPARISON>
							</CONDITION>
						</PRECONDITION>
						<PRECONDITION modifier="knownval">
							<CONDITION>
								<OBJECTCOMPARISON relation="gov.nasa.arc.brahms.atm.Student.hasAccount">
									<EXPRESSION>
										<OPERAND type="O" objType="current" objRef="current"/>
									</EXPRESSION>
									<EXPRESSION>
										<OPERAND type="O" objType="variable" objRef="bka"/>
									</EXPRESSION>
								</OBJECTCOMPARISON>
							</CONDITION>
						</PRECONDITION>
						<PRECONDITION modifier="knownval">
							<CONDITION>
								<VALUECOMPARISON relation="eq">
									<EXPRESSION>
										<OPERAND type="OA" objType="current" objRef="current" attRef="gov.nasa.arc.brahms.atm.Student.chosenBank"/>
									</EXPRESSION>
									<EXPRESSION>
										<OPERAND type="O" objType="variable" objRef="ba3"/>
									</EXPRESSION>
								</VALUECOMPARISON>
							</CONDITION>
						</PRECONDITION>
						<PRECONDITION modifier="knownval">
							<CONDITION>
								<OBJECTCOMPARISON relation="gov.nasa.arc.brahms.atm.Atm.ownedbyBank">
									<EXPRESSION>
										<OPERAND type="O" objType="variable" objRef="at3"/>
									</EXPRESSION>
									<EXPRESSION>
										<OPERAND type="O" objType="variable" objRef="ba3"/>
									</EXPRESSION>
								</OBJECTCOMPARISON>
							</CONDITION>
						</PRECONDITION>
						<PRECONDITION modifier="knownval">
							<CONDITION>
								<VALUECOMPARISON relation="eq">
									<EXPRESSION>
										<OPERAND type="OA" objType="current" objRef="current" attRef="gov.nasa.arc.brahms.atm.Student.pinCommunicated"/>
									</EXPRESSION>
									<EXPRESSION>
										<OPERAND type="V" valueType="boolean" value="false"/>
									</EXPRESSION>
								</VALUECOMPARISON>
							</CONDITION>
						</PRECONDITION>
						<PRECONDITION modifier="knownval">
							<CONDITION>
								<VALUECOMPARISON relation="eq">
									<EXPRESSION>
										<OPERAND type="OA" objType="current" objRef="current" attRef="brahms.base.BaseGroup.location"/>
									</EXPRESSION>
									<EXPRESSION>
										<OPERAND type="OA" objType="variable" objRef="at3" attRef="brahms.base.BaseClass.location"/>
									</EXPRESSION>
								</VALUECOMPARISON>
							</CONDITION>
						</PRECONDITION>
						<PRECONDITION modifier="knownval">
							<CONDITION>
								<OBJECTCOMPARISON relation="brahms.base.BaseClass.contains">
									<EXPRESSION>
										<OPERAND type="O" objType="variable" objRef="at3"/>
									</EXPRESSION>
									<EXPRESSION>
										<OPERAND type="O" objType="variable" objRef="bkc3"/>
									</EXPRESSION>
								</OBJECTCOMPARISON>
							</CONDITION>
						</PRECONDITION>
					</WHEN>
					<WF_DO>
						<ACTIVITYREF ref="gov.nasa.arc.brahms.atm.Student.useATM$communicatePIN" activityType="Communicate">
							<PARAMVALS>
								<PARAMVAL parameter="at3" value="at3" valueType="Variable"/>
								<PARAMVAL parameter="bka" value="bka" valueType="Variable"/>
							</PARAMVALS>
						</ACTIVITYREF>
						<CONSEQUENCE factCertainty="0">
							<CONDITION>
								<VALUECOMPARISON relation="eq">
									<EXPRESSION>
										<OPERAND type="OA" objType="current" objRef="current" attRef="gov.nasa.arc.brahms.atm.Student.pinCommunicated"/>
									</EXPRESSION>
									<EXPRESSION>
										<OPERAND type="V" valueType="boolean" value="true"/>
									</EXPRESSION>
								</VALUECOMPARISON>
							</CONDITION>
						</CONSEQUENCE>
						<CONSEQUENCE>
							<CONDITION>
								<OBJECTCOMPARISON relation="brahms.base.BaseGroup.contains">
									<EXPRESSION>
										<OPERAND type="O" objType="current" objRef="current"/>
									</EXPRESSION>
									<EXPRESSION>
										<OPERAND type="O" objType="variable" objRef="bkc3"/>
									</EXPRESSION>
								</OBJECTCOMPARISON>
							</CONDITION>
						</CONSEQUENCE>
						<CONSEQUENCE>
							<CONDITION  truthValue="false">
								<OBJECTCOMPARISON relation="brahms.base.BaseClass.contains">
									<EXPRESSION>
										<OPERAND type="O" objType="variable" objRef="at3"/>
									</EXPRESSION>
									<EXPRESSION>
										<OPERAND type="O" objType="variable" objRef="bkc3"/>
									</EXPRESSION>
								</OBJECTCOMPARISON>
							</CONDITION>
						</CONSEQUENCE>
					</WF_DO>
				</WORKFRAME>
			</WORKFRAMES>
		</COMP_ACT>
		<PRIM_ACT name="gov.nasa.arc.brahms.atm.Student.study" display="study" maxDuration="1500">
		</PRIM_ACT>
	</ACTIVITIES>
	<WORKFRAMES>
		<WORKFRAME name="gov.nasa.arc.brahms.atm.Student.wf_backToStudy" display="wf_backToStudy" wftype="1" repeat="true">
			<WHEN>
				<PRECONDITION modifier="knownval">
					<CONDITION>
						<VALUECOMPARISON relation="eq">
							<EXPRESSION>
								<OPERAND type="OA" objType="current" objRef="current" attRef="gov.nasa.arc.brahms.atm.Student.readyToLeaveRestaurant"/>
							</EXPRESSION>
							<EXPRESSION>
								<OPERAND type="V" valueType="boolean" value="true"/>
							</EXPRESSION>
						</VALUECOMPARISON>
					</CONDITION>
				</PRECONDITION>
				<PRECONDITION modifier="knownval">
					<CONDITION>
						<VALUECOMPARISON relation="eq">
							<EXPRESSION>
								<OPERAND type="OA" objType="current" objRef="current" attRef="brahms.base.BaseGroup.location"/>
							</EXPRESSION>
							<EXPRESSION>
								<OPERAND type="O" objType="concept" objTypeDetail="Area" objRef="gov.nasa.arc.brahms.atm.Telegraph_Av_2405"/>
							</EXPRESSION>
						</VALUECOMPARISON>
					</CONDITION>
				</PRECONDITION>
			</WHEN>
			<WF_DO>
				<ACTIVITYREF ref="gov.nasa.arc.brahms.atm.Student.moveToLocation" activityType="Move">
					<PARAMVALS>
						<PARAMVAL parameter="loc" value="gov.nasa.arc.brahms.atm.SouthHall" valueType="Area"/>
					</PARAMVALS>
				</ACTIVITYREF>
				<CONSEQUENCE factCertainty="0">
					<CONDITION>
						<VALUECOMPARISON relation="eq">
							<EXPRESSION>
								<OPERAND type="OA" objType="current" objRef="current" attRef="gov.nasa.arc.brahms.atm.Student.readyToLeaveRestaurant"/>
							</EXPRESSION>
							<EXPRESSION>
								<OPERAND type="V" valueType="boolean" value="false"/>
							</EXPRESSION>
						</VALUECOMPARISON>
					</CONDITION>
				</CONSEQUENCE>
			</WF_DO>
		</WORKFRAME>
		<WORKFRAME name="gov.nasa.arc.brahms.atm.Student.wf_moveToRestaurant" display="wf_moveToRestaurant" wftype="1" repeat="true">
			<VARIABLES>
				<VARIABLE name="cs" display="cs" quantification="forone" type="gov.nasa.arc.brahms.atm.Cash" typeDetail="Class"/>
			</VARIABLES>
			<WHEN>
				<PRECONDITION modifier="knownval">
					<CONDITION>
						<VALUECOMPARISON relation="gt">
							<EXPRESSION>
								<OPERAND type="OA" objType="current" objRef="current" attRef="gov.nasa.arc.brahms.atm.Student.howHungry"/>
							</EXPRESSION>
							<EXPRESSION>
								<OPERAND type="V" valueType="double" value="20.0"/>
							</EXPRESSION>
						</VALUECOMPARISON>
					</CONDITION>
				</PRECONDITION>
				<PRECONDITION modifier="knownval">
					<CONDITION>
						<OBJECTCOMPARISON relation="gov.nasa.arc.brahms.atm.Student.hasCash">
							<EXPRESSION>
								<OPERAND type="O" objType="current" objRef="current"/>
							</EXPRESSION>
							<EXPRESSION>
								<OPERAND type="O" objType="variable" objRef="cs"/>
							</EXPRESSION>
						</OBJECTCOMPARISON>
					</CONDITION>
				</PRECONDITION>
				<PRECONDITION modifier="knownval">
					<CONDITION>
						<VALUECOMPARISON relation="gt">
							<EXPRESSION>
								<OPERAND type="OA" objType="variable" objRef="cs" attRef="gov.nasa.arc.brahms.atm.Cash.amount"/>
							</EXPRESSION>
							<EXPRESSION>
								<OPERAND type="V" valueType="double" value="9.0"/>
							</EXPRESSION>
						</VALUECOMPARISON>
					</CONDITION>
				</PRECONDITION>
				<PRECONDITION modifier="knownval">
					<CONDITION>
						<VALUECOMPARISON relation="uneq">
							<EXPRESSION>
								<OPERAND type="OA" objType="current" objRef="current" attRef="brahms.base.BaseGroup.location"/>
							</EXPRESSION>
							<EXPRESSION>
								<OPERAND type="O" objType="concept" objTypeDetail="Area" objRef="gov.nasa.arc.brahms.atm.Telegraph_Av_2405"/>
							</EXPRESSION>
						</VALUECOMPARISON>
					</CONDITION>
				</PRECONDITION>
			</WHEN>
			<WF_DO>
				<ACTIVITYREF ref="gov.nasa.arc.brahms.atm.Student.moveToLocation" activityType="Move">
					<PARAMVALS>
						<PARAMVAL parameter="loc" value="gov.nasa.arc.brahms.atm.Telegraph_Av_2405" valueType="Area"/>
					</PARAMVALS>
				</ACTIVITYREF>
			</WF_DO>
		</WORKFRAME>
		<WORKFRAME name="gov.nasa.arc.brahms.atm.Student.wf_useATM" display="wf_useATM" wftype="1" repeat="true">
			<VARIABLES>
				<VARIABLE name="ac" display="ac" quantification="forone" type="gov.nasa.arc.brahms.atm.Account" typeDetail="Class"/>
				<VARIABLE name="bk" display="bk" quantification="forone" type="gov.nasa.arc.brahms.atm.Bank" typeDetail="Class"/>
				<VARIABLE name="at" display="at" quantification="forone" type="gov.nasa.arc.brahms.atm.Atm" typeDetail="Class"/>
				<VARIABLE name="cs" display="cs" quantification="forone" type="gov.nasa.arc.brahms.atm.Cash" typeDetail="Class"/>
				<VARIABLE name="bd" display="bd" quantification="forone" type="brahms.base.Building" typeDetail="AreaDef"/>
			</VARIABLES>
			<WHEN>
				<PRECONDITION modifier="knownval">
					<CONDITION>
						<VALUECOMPARISON relation="gt">
							<EXPRESSION>
								<OPERAND type="OA" objType="current" objRef="current" attRef="gov.nasa.arc.brahms.atm.Student.howHungry"/>
							</EXPRESSION>
							<EXPRESSION>
								<OPERAND type="V" valueType="double" value="20.0"/>
							</EXPRESSION>
						</VALUECOMPARISON>
					</CONDITION>
				</PRECONDITION>
				<PRECONDITION modifier="knownval">
					<CONDITION>
						<OBJECTCOMPARISON relation="gov.nasa.arc.brahms.atm.Student.hasCash">
							<EXPRESSION>
								<OPERAND type="O" objType="current" objRef="current"/>
							</EXPRESSION>
							<EXPRESSION>
								<OPERAND type="O" objType="variable" objRef="cs"/>
							</EXPRESSION>
						</OBJECTCOMPARISON>
					</CONDITION>
				</PRECONDITION>
				<PRECONDITION modifier="knownval">
					<CONDITION>
						<VALUECOMPARISON relation="lt">
							<EXPRESSION>
								<OPERAND type="OA" objType="variable" objRef="cs" attRef="gov.nasa.arc.brahms.atm.Cash.amount"/>
							</EXPRESSION>
							<EXPRESSION>
								<OPERAND type="V" valueType="double" value="10.0"/>
							</EXPRESSION>
						</VALUECOMPARISON>
					</CONDITION>
				</PRECONDITION>
				<PRECONDITION modifier="knownval">
					<CONDITION>
						<OBJECTCOMPARISON relation="gov.nasa.arc.brahms.atm.Student.hasAccount">
							<EXPRESSION>
								<OPERAND type="O" objType="current" objRef="current"/>
							</EXPRESSION>
							<EXPRESSION>
								<OPERAND type="O" objType="variable" objRef="ac"/>
							</EXPRESSION>
						</OBJECTCOMPARISON>
					</CONDITION>
				</PRECONDITION>
				<PRECONDITION modifier="knownval">
					<CONDITION>
						<OBJECTCOMPARISON relation="gov.nasa.arc.brahms.atm.Account.openedWithBank">
							<EXPRESSION>
								<OPERAND type="O" objType="variable" objRef="ac"/>
							</EXPRESSION>
							<EXPRESSION>
								<OPERAND type="O" objType="variable" objRef="bk"/>
							</EXPRESSION>
						</OBJECTCOMPARISON>
					</CONDITION>
				</PRECONDITION>
				<PRECONDITION modifier="knownval">
					<CONDITION>
						<OBJECTCOMPARISON relation="gov.nasa.arc.brahms.atm.Atm.ownedbyBank">
							<EXPRESSION>
								<OPERAND type="O" objType="variable" objRef="at"/>
							</EXPRESSION>
							<EXPRESSION>
								<OPERAND type="O" objType="variable" objRef="bk"/>
							</EXPRESSION>
						</OBJECTCOMPARISON>
					</CONDITION>
				</PRECONDITION>
				<PRECONDITION modifier="not">
					<CONDITION>
						<VALUECOMPARISON relation="eq">
							<EXPRESSION>
								<OPERAND type="OA" objType="current" objRef="current" attRef="brahms.base.BaseGroup.location"/>
							</EXPRESSION>
							<EXPRESSION>
								<OPERAND type="OA" objType="variable" objRef="at" attRef="brahms.base.BaseClass.location"/>
							</EXPRESSION>
						</VALUECOMPARISON>
					</CONDITION>
				</PRECONDITION>
				<PRECONDITION modifier="knownval">
					<CONDITION>
						<VALUECOMPARISON relation="eq">
							<EXPRESSION>
								<OPERAND type="OA" objType="variable" objRef="at" attRef="brahms.base.BaseClass.location"/>
							</EXPRESSION>
							<EXPRESSION>
								<OPERAND type="O" objType="variable" objRef="bd"/>
							</EXPRESSION>
						</VALUECOMPARISON>
					</CONDITION>
				</PRECONDITION>
				<PRECONDITION modifier="knownval">
					<CONDITION>
						<VALUECOMPARISON relation="eq">
							<EXPRESSION>
								<OPERAND type="OA" objType="current" objRef="current" attRef="gov.nasa.arc.brahms.atm.Student.readyToLeaveRestaurant"/>
							</EXPRESSION>
							<EXPRESSION>
								<OPERAND type="V" valueType="boolean" value="false"/>
							</EXPRESSION>
						</VALUECOMPARISON>
					</CONDITION>
				</PRECONDITION>
			</WHEN>
			<WF_DO>
				<ACTIVITYREF ref="gov.nasa.arc.brahms.atm.Student.useATM" activityType="Composite">
				</ACTIVITYREF>
			</WF_DO>
		</WORKFRAME>
		<WORKFRAME name="gov.nasa.arc.brahms.atm.Student.wf_study" display="wf_study" wftype="1" repeat="true">
			<VARIABLES>
				<VARIABLE name="cs" display="cs" quantification="forone" type="gov.nasa.arc.brahms.atm.Cash" typeDetail="Class"/>
			</VARIABLES>
			<WHEN>
				<PRECONDITION modifier="knownval">
					<CONDITION>
						<VALUECOMPARISON relation="lt">
							<EXPRESSION>
								<OPERAND type="OA" objType="concept" objTypeDetail="Object" objRef="gov.nasa.arc.brahms.atm.Campanile_Clock" attRef="gov.nasa.arc.brahms.atm.MyClock.time"/>
							</EXPRESSION>
							<EXPRESSION>
								<OPERAND type="V" valueType="int" value="20"/>
							</EXPRESSION>
						</VALUECOMPARISON>
					</CONDITION>
				</PRECONDITION>
				<PRECONDITION modifier="knownval">
					<CONDITION>
						<VALUECOMPARISON relation="lt">
							<EXPRESSION>
								<OPERAND type="OA" objType="current" objRef="current" attRef="gov.nasa.arc.brahms.atm.Student.howHungry"/>
							</EXPRESSION>
							<EXPRESSION>
								<OPERAND type="V" valueType="double" value="21.0"/>
							</EXPRESSION>
						</VALUECOMPARISON>
					</CONDITION>
				</PRECONDITION>
				<PRECONDITION modifier="knownval">
					<CONDITION>
						<VALUECOMPARISON relation="eq">
							<EXPRESSION>
								<OPERAND type="OA" objType="current" objRef="current" attRef="brahms.base.BaseGroup.location"/>
							</EXPRESSION>
							<EXPRESSION>
								<OPERAND type="O" objType="concept" objTypeDetail="Area" objRef="gov.nasa.arc.brahms.atm.SouthHall"/>
							</EXPRESSION>
						</VALUECOMPARISON>
					</CONDITION>
				</PRECONDITION>
			</WHEN>
			<WF_DO>
				<ACTIVITYREF ref="gov.nasa.arc.brahms.atm.Student.study" activityType="Primitive">
				</ACTIVITYREF>
			</WF_DO>
		</WORKFRAME>
		<WORKFRAME name="gov.nasa.arc.brahms.atm.Student.wf_Eat" display="wf_Eat" wftype="1" repeat="true">
			<WHEN>
				<PRECONDITION modifier="knownval">
					<CONDITION>
						<VALUECOMPARISON relation="gt">
							<EXPRESSION>
								<OPERAND type="OA" objType="current" objRef="current" attRef="gov.nasa.arc.brahms.atm.Student.howHungry"/>
							</EXPRESSION>
							<EXPRESSION>
								<OPERAND type="V" valueType="double" value="20.0"/>
							</EXPRESSION>
						</VALUECOMPARISON>
					</CONDITION>
				</PRECONDITION>
				<PRECONDITION modifier="knownval">
					<CONDITION>
						<VALUECOMPARISON relation="eq">
							<EXPRESSION>
								<OPERAND type="OA" objType="current" objRef="current" attRef="brahms.base.BaseGroup.location"/>
							</EXPRESSION>
							<EXPRESSION>
								<OPERAND type="O" objType="concept" objTypeDetail="Area" objRef="gov.nasa.arc.brahms.atm.Telegraph_Av_2405"/>
							</EXPRESSION>
						</VALUECOMPARISON>
					</CONDITION>
				</PRECONDITION>
			</WHEN>
			<WF_DO>
				<ACTIVITYREF ref="gov.nasa.arc.brahms.atm.Student.eat" activityType="Primitive">
				</ACTIVITYREF>
				<CONSEQUENCE factCertainty="0">
					<CONDITION>
						<VALUECOMPARISON relation="eq">
							<EXPRESSION>
								<OPERAND type="OA" objType="current" objRef="current" attRef="gov.nasa.arc.brahms.atm.Student.howHungry"/>
							</EXPRESSION>
							<EXPRESSION operator="minus">
								<OPERAND type="OA" objType="current" objRef="current" attRef="gov.nasa.arc.brahms.atm.Student.howHungry"/>
								<OPERAND type="V" valueType="double" value="5.0"/>
							</EXPRESSION>
						</VALUECOMPARISON>
					</CONDITION>
				</CONSEQUENCE>
				<CONSEQUENCE>
					<CONDITION>
						<VALUECOMPARISON relation="eq">
							<EXPRESSION>
								<OPERAND type="OA" objType="concept" objTypeDetail="Object" objRef="gov.nasa.arc.brahms.atm.Alex_Cash" attRef="gov.nasa.arc.brahms.atm.Cash.amount"/>
							</EXPRESSION>
							<EXPRESSION operator="minus">
								<OPERAND type="OA" objType="concept" objTypeDetail="Object" objRef="gov.nasa.arc.brahms.atm.Alex_Cash" attRef="gov.nasa.arc.brahms.atm.Cash.amount"/>
								<OPERAND type="OA" objType="concept" objTypeDetail="Object" objRef="gov.nasa.arc.brahms.atm.Raleigh_Diner" attRef="gov.nasa.arc.brahms.atm.Diner.foodcost"/>
							</EXPRESSION>
						</VALUECOMPARISON>
					</CONDITION>
				</CONSEQUENCE>
				<CONSEQUENCE factCertainty="0">
					<CONDITION>
						<VALUECOMPARISON relation="eq">
							<EXPRESSION>
								<OPERAND type="OA" objType="current" objRef="current" attRef="gov.nasa.arc.brahms.atm.Student.readyToLeaveRestaurant"/>
							</EXPRESSION>
							<EXPRESSION>
								<OPERAND type="V" valueType="boolean" value="true"/>
							</EXPRESSION>
						</VALUECOMPARISON>
					</CONDITION>
				</CONSEQUENCE>
			</WF_DO>
		</WORKFRAME>
	</WORKFRAMES>
	<THOUGHTFRAMES>
		<THOUGHTFRAME name="gov.nasa.arc.brahms.atm.Student.tf_feelHungry" display="tf_feelHungry" repeat="true">
			<WHEN>
				<PRECONDITION modifier="knownval">
					<CONDITION>
						<VALUECOMPARISON relation="gt">
							<EXPRESSION>
								<OPERAND type="OA" objType="concept" objTypeDetail="Object" objRef="gov.nasa.arc.brahms.atm.Campanile_Clock" attRef="gov.nasa.arc.brahms.atm.MyClock.time"/>
							</EXPRESSION>
							<EXPRESSION>
								<OPERAND type="OA" objType="current" objRef="current" attRef="gov.nasa.arc.brahms.atm.Student.perceivedtime"/>
							</EXPRESSION>
						</VALUECOMPARISON>
					</CONDITION>
				</PRECONDITION>
			</WHEN>
			<TF_DO>
				<CONSEQUENCE>
					<CONDITION>
						<VALUECOMPARISON relation="eq">
							<EXPRESSION>
								<OPERAND type="OA" objType="current" objRef="current" attRef="gov.nasa.arc.brahms.atm.Student.perceivedtime"/>
							</EXPRESSION>
							<EXPRESSION>
								<OPERAND type="OA" objType="concept" objTypeDetail="Object" objRef="gov.nasa.arc.brahms.atm.Campanile_Clock" attRef="gov.nasa.arc.brahms.atm.MyClock.time"/>
							</EXPRESSION>
						</VALUECOMPARISON>
					</CONDITION>
				</CONSEQUENCE>
				<CONSEQUENCE>
					<CONDITION>
						<VALUECOMPARISON relation="eq">
							<EXPRESSION>
								<OPERAND type="OA" objType="current" objRef="current" attRef="gov.nasa.arc.brahms.atm.Student.howHungry"/>
							</EXPRESSION>
							<EXPRESSION operator="plus">
								<OPERAND type="OA" objType="current" objRef="current" attRef="gov.nasa.arc.brahms.atm.Student.howHungry"/>
								<OPERAND type="V" valueType="double" value="3.0"/>
							</EXPRESSION>
						</VALUECOMPARISON>
					</CONDITION>
				</CONSEQUENCE>
			</TF_DO>
		</THOUGHTFRAME>
	</THOUGHTFRAMES>
</GROUP>
