<?xml version="1.0" encoding="UTF-8" ?> 
<!DOCTYPE OBJECT SYSTEM "file:///C:\Program Files\Brahms\AgentEnvironment\DTD\object.dtd"> 
<!-- Generated at Sat Jun 11 15:20:11 EDT 2005 -->

<OBJECT name="gov.nasa.arc.brahms.atm.Alex_BankCard" display="Alex_BankCard">
	<INSTANCEOF ref="gov.nasa.arc.brahms.atm.BankCard" />
	<FACTS>
		<FACT>
			<OAV lObjRef="gov.nasa.arc.brahms.atm.Alex_BankCard" lObjType="Object" attRef="gov.nasa.arc.brahms.atm.BankCard.code" evalOp="eq" value="1212" valueType="int"/>
		</FACT>
		<FACT>
			<ORO lObjRef="current"  lObjType="Current" relRef="gov.nasa.arc.brahms.atm.BankCard.accesses" rObjRef="gov.nasa.arc.brahms.atm.Alex_Account" rObjType="Object" />
		</FACT>
	</FACTS>
</OBJECT>
