<?xml version="1.0" encoding="UTF-8" ?> 
<!DOCTYPE MODEL SYSTEM "file:///C:\Program Files\Brahms\AgentEnvironment\DTD\model.dtd"> 
<!-- Generated at Sat Jun 11 15:20:10 EDT 2005 -->

<MODEL name="AtmModel">
	<AGENTREF ref="brahms.base.ANY-AGENT" />
	<AGENTREF ref="gov.nasa.arc.brahms.atm.Alex_Agent" />
	<OBJECTREF ref="gov.nasa.arc.brahms.atm.Blakes_Diner" />
	<OBJECTREF ref="brahms.base.Clock" />
	<OBJECTREF ref="brahms.base.Date" />
	<OBJECTREF ref="gov.nasa.arc.brahms.atm.Boa_Atm" />
	<OBJECTREF ref="gov.nasa.arc.brahms.atm.Alex_Cash" />
	<OBJECTREF ref="gov.nasa.arc.brahms.atm.Alex_BankCard" />
	<OBJECTREF ref="gov.nasa.arc.brahms.atm.Alex_Account" />
	<OBJECTREF ref="gov.nasa.arc.brahms.atm.Raleigh_Diner" />
	<OBJECTREF ref="gov.nasa.arc.brahms.atm.Boa_Bank" />
	<OBJECTREF ref="gov.nasa.arc.brahms.atm.Campanile_Clock" />
	<AREAREF ref="gov.nasa.arc.brahms.atm.Bancroft_Av_77" />
	<AREAREF ref="gov.nasa.arc.brahms.atm.Telegraph_Av_2134" />
	<AREAREF ref="gov.nasa.arc.brahms.atm.Berkeley" />
	<AREAREF ref="gov.nasa.arc.brahms.atm.UCB" />
	<AREAREF ref="gov.nasa.arc.brahms.atm.AtmGeography" />
	<AREAREF ref="gov.nasa.arc.brahms.atm.Telegraph_Av_2405" />
	<AREAREF ref="brahms.base.NoLocation" />
	<AREAREF ref="gov.nasa.arc.brahms.atm.SouthHall" />
	<AREAREF ref="gov.nasa.arc.brahms.atm.Telegraph_Av_113" />
	<AREAREF ref="gov.nasa.arc.brahms.atm.SpraulHall" />
	<PATHREF ref="gov.nasa.arc.brahms.atm.SpH_to_from_BB" />
	<PATHREF ref="gov.nasa.arc.brahms.atm.StH_to_from_BOA" />
	<PATHREF ref="gov.nasa.arc.brahms.atm.WF_to_from_RB" />
	<PATHREF ref="gov.nasa.arc.brahms.atm.BOA_to_from_RB" />
	<PATHREF ref="gov.nasa.arc.brahms.atm.SpH_to_from_WF" />
	<PATHREF ref="gov.nasa.arc.brahms.atm.SpH_to_from_RB" />
	<PATHREF ref="gov.nasa.arc.brahms.atm.StH_to_from_BB" />
	<PATHREF ref="gov.nasa.arc.brahms.atm.SpH_to_from_BOA" />
	<PATHREF ref="gov.nasa.arc.brahms.atm.StH_to_from_WF" />
	<PATHREF ref="gov.nasa.arc.brahms.atm.WF_to_from_BB" />
	<PATHREF ref="gov.nasa.arc.brahms.atm.BOA_to_from_BB" />
	<PATHREF ref="gov.nasa.arc.brahms.atm.StH_to_from_RB" />
</MODEL>
