<?xml version="1.0" encoding="UTF-8" ?> 
<!DOCTYPE OBJECT SYSTEM "file:///C:\Program Files\Brahms\AgentEnvironment\DTD\object.dtd"> 
<!-- Generated at Sat Jun 11 15:20:11 EDT 2005 -->

<OBJECT name="gov.nasa.arc.brahms.atm.Blakes_Diner" display="Blakes_Diner" location="gov.nasa.arc.brahms.atm.Telegraph_Av_2134">
	<INSTANCEOF ref="gov.nasa.arc.brahms.atm.Diner" />
	<BELIEFS>
		<BELIEF>
			<OAV lObjRef="current" lObjType="Current" attRef="gov.nasa.arc.brahms.atm.Diner.foodcost" evalOp="eq" value="6.0" valueType="double"/>
		</BELIEF>
	</BELIEFS>
	<FACTS>
		<FACT>
			<OAV lObjRef="current" lObjType="Current" attRef="gov.nasa.arc.brahms.atm.Diner.foodcost" evalOp="eq" value="6.0" valueType="double"/>
		</FACT>
	</FACTS>
</OBJECT>
