<?xml version="1.0" encoding="UTF-8" ?> 
<!DOCTYPE GROUP SYSTEM "file:///C:\Program Files\Brahms\AgentEnvironment\DTD\group.dtd"> 
<!-- Generated at Sat Jun 11 15:20:10 EDT 2005 -->

<GROUP name="gov.nasa.arc.brahms.atm.Student" display="Student">
	<MEMBEROF ref="brahms.base.BaseGroup" />
	<ATTRIBUTES>
		<ATTRIBUTE name="gov.nasa.arc.brahms.atm.Student.howHungry" display="howHungry" scope="public" type="double"/>
		<ATTRIBUTE name="gov.nasa.arc.brahms.atm.Student.preferredCashOut" display="preferredCashOut" scope="public" type="double"/>
		<ATTRIBUTE name="gov.nasa.arc.brahms.atm.Student.male" display="male" scope="public" type="boolean"/>
		<ATTRIBUTE name="gov.nasa.arc.brahms.atm.Student.readyToLeaveRestaurant" display="readyToLeaveRestaurant" scope="public" type="boolean"/>
		<ATTRIBUTE name="gov.nasa.arc.brahms.atm.Student.perceivedtime" display="perceivedtime" scope="public" type="int"/>
	</ATTRIBUTES>
	<RELATIONS>
		<RELATION name="gov.nasa.arc.brahms.atm.Student.hasAccount" display="hasAccount" scope="public" type="gov.nasa.arc.brahms.atm.Account" typeDetail="Class"/>
		<RELATION name="gov.nasa.arc.brahms.atm.Student.hasBankCard" display="hasBankCard" scope="public" type="gov.nasa.arc.brahms.atm.BankCard" typeDetail="Class"/>
		<RELATION name="gov.nasa.arc.brahms.atm.Student.hasCash" display="hasCash" scope="public" type="gov.nasa.arc.brahms.atm.Cash" typeDetail="Class"/>
	</RELATIONS>
	<BELIEFS>
		<BELIEF>
			<OAO lObjRef="gov.nasa.arc.brahms.atm.Blakes_Diner" lObjType="Object" attRef="brahms.base.BaseClass.location" equalOp="eq" rObjRef="gov.nasa.arc.brahms.atm.Telegraph_Av_2134" rObjType="Area"/>
		</BELIEF>
		<BELIEF>
			<OAO lObjRef="gov.nasa.arc.brahms.atm.Raleigh_Diner" lObjType="Object" attRef="brahms.base.BaseClass.location" equalOp="eq" rObjRef="gov.nasa.arc.brahms.atm.Telegraph_Av_2405" rObjType="Area"/>
		</BELIEF>
		<BELIEF>
			<OAO lObjRef="gov.nasa.arc.brahms.atm.Boa_Atm" lObjType="Object" attRef="brahms.base.BaseClass.location" equalOp="eq" rObjRef="gov.nasa.arc.brahms.atm.Telegraph_Av_113" rObjType="Area"/>
		</BELIEF>
		<BELIEF>
			<OAV lObjRef="current" lObjType="Current" attRef="gov.nasa.arc.brahms.atm.Student.perceivedtime" evalOp="eq" value="1" valueType="int"/>
		</BELIEF>
		<BELIEF>
			<OAV lObjRef="gov.nasa.arc.brahms.atm.Campanile_Clock" lObjType="Object" attRef="gov.nasa.arc.brahms.atm.MyClock.time" evalOp="eq" value="1" valueType="int"/>
		</BELIEF>
		<BELIEF>
			<OAV lObjRef="current" lObjType="Current" attRef="gov.nasa.arc.brahms.atm.Student.readyToLeaveRestaurant" evalOp="eq" value="false" valueType="boolean"/>
		</BELIEF>
	</BELIEFS>
	<ACTIVITIES>
		<MOVE_ACT name="gov.nasa.arc.brahms.atm.Student.moveToLocation" display="moveToLocation" location="loc" detectDepartureInSubAreas="true" detectArrivalInSubAreas="true">
			<PARAMETERS>
				<PARAMETER name="loc" type="brahms.base.Building" typeDetail="AreaDef" />
			</PARAMETERS>
		</MOVE_ACT>
		<MOVE_ACT name="gov.nasa.arc.brahms.atm.Student.moveToLocationForCash" display="moveToLocationForCash" location="loc" detectDepartureInSubAreas="true" detectArrivalInSubAreas="true">
			<PARAMETERS>
				<PARAMETER name="loc" type="brahms.base.Building" typeDetail="AreaDef" />
			</PARAMETERS>
		</MOVE_ACT>
		<PRIM_ACT name="gov.nasa.arc.brahms.atm.Student.eat" display="eat" maxDuration="400">
		</PRIM_ACT>
		<MOVE_ACT name="gov.nasa.arc.brahms.atm.Student.moveToSouthHall" display="moveToSouthHall" location="gov.nasa.arc.brahms.atm.SouthHall" detectDepartureInSubAreas="true" detectArrivalInSubAreas="true">
		</MOVE_ACT>
		<MOVE_ACT name="gov.nasa.arc.brahms.atm.Student.moveToRestaurant" display="moveToRestaurant" location="gov.nasa.arc.brahms.atm.Telegraph_Av_2405" detectDepartureInSubAreas="true" detectArrivalInSubAreas="true">
		</MOVE_ACT>
		<PRIM_ACT name="gov.nasa.arc.brahms.atm.Student.study" display="study" maxDuration="1500">
		</PRIM_ACT>
	</ACTIVITIES>
	<WORKFRAMES>
		<WORKFRAME name="gov.nasa.arc.brahms.atm.Student.wf_backToStudy" display="wf_backToStudy" wftype="1" repeat="true">
			<WHEN>
				<PRECONDITION modifier="knownval">
					<CONDITION>
						<VALUECOMPARISON relation="eq">
							<EXPRESSION>
								<OPERAND type="OA" objType="current" objRef="current" attRef="gov.nasa.arc.brahms.atm.Student.readyToLeaveRestaurant"/>
							</EXPRESSION>
							<EXPRESSION>
								<OPERAND type="V" valueType="boolean" value="true"/>
							</EXPRESSION>
						</VALUECOMPARISON>
					</CONDITION>
				</PRECONDITION>
				<PRECONDITION modifier="knownval">
					<CONDITION>
						<VALUECOMPARISON relation="eq">
							<EXPRESSION>
								<OPERAND type="OA" objType="current" objRef="current" attRef="brahms.base.BaseGroup.location"/>
							</EXPRESSION>
							<EXPRESSION>
								<OPERAND type="O" objType="concept" objTypeDetail="Area" objRef="gov.nasa.arc.brahms.atm.Telegraph_Av_2405"/>
							</EXPRESSION>
						</VALUECOMPARISON>
					</CONDITION>
				</PRECONDITION>
			</WHEN>
			<WF_DO>
				<ACTIVITYREF ref="gov.nasa.arc.brahms.atm.Student.moveToLocation" activityType="Move">
					<PARAMVALS>
						<PARAMVAL parameter="loc" value="gov.nasa.arc.brahms.atm.SouthHall" valueType="Area"/>
					</PARAMVALS>
				</ACTIVITYREF>
				<CONSEQUENCE factCertainty="0">
					<CONDITION>
						<VALUECOMPARISON relation="eq">
							<EXPRESSION>
								<OPERAND type="OA" objType="current" objRef="current" attRef="gov.nasa.arc.brahms.atm.Student.readyToLeaveRestaurant"/>
							</EXPRESSION>
							<EXPRESSION>
								<OPERAND type="V" valueType="boolean" value="false"/>
							</EXPRESSION>
						</VALUECOMPARISON>
					</CONDITION>
				</CONSEQUENCE>
			</WF_DO>
		</WORKFRAME>
		<WORKFRAME name="gov.nasa.arc.brahms.atm.Student.wf_moveToRestaurant" display="wf_moveToRestaurant" wftype="1" repeat="true">
			<VARIABLES>
				<VARIABLE name="cs" display="cs" quantification="forone" type="gov.nasa.arc.brahms.atm.Cash" typeDetail="Class"/>
			</VARIABLES>
			<WHEN>
				<PRECONDITION modifier="knownval">
					<CONDITION>
						<VALUECOMPARISON relation="gt">
							<EXPRESSION>
								<OPERAND type="OA" objType="current" objRef="current" attRef="gov.nasa.arc.brahms.atm.Student.howHungry"/>
							</EXPRESSION>
							<EXPRESSION>
								<OPERAND type="V" valueType="double" value="20.0"/>
							</EXPRESSION>
						</VALUECOMPARISON>
					</CONDITION>
				</PRECONDITION>
				<PRECONDITION modifier="knownval">
					<CONDITION>
						<VALUECOMPARISON relation="uneq">
							<EXPRESSION>
								<OPERAND type="OA" objType="current" objRef="current" attRef="brahms.base.BaseGroup.location"/>
							</EXPRESSION>
							<EXPRESSION>
								<OPERAND type="O" objType="concept" objTypeDetail="Area" objRef="gov.nasa.arc.brahms.atm.Telegraph_Av_2405"/>
							</EXPRESSION>
						</VALUECOMPARISON>
					</CONDITION>
				</PRECONDITION>
			</WHEN>
			<WF_DO>
				<ACTIVITYREF ref="gov.nasa.arc.brahms.atm.Student.moveToLocation" activityType="Move">
					<PARAMVALS>
						<PARAMVAL parameter="loc" value="gov.nasa.arc.brahms.atm.Telegraph_Av_2405" valueType="Area"/>
					</PARAMVALS>
				</ACTIVITYREF>
			</WF_DO>
		</WORKFRAME>
		<WORKFRAME name="gov.nasa.arc.brahms.atm.Student.wf_moveToLocationForCash" display="wf_moveToLocationForCash" wftype="1" repeat="true">
			<VARIABLES>
				<VARIABLE name="ac" display="ac" quantification="forone" type="gov.nasa.arc.brahms.atm.Account" typeDetail="Class"/>
				<VARIABLE name="bk" display="bk" quantification="forone" type="gov.nasa.arc.brahms.atm.Bank" typeDetail="Class"/>
				<VARIABLE name="at" display="at" quantification="forone" type="gov.nasa.arc.brahms.atm.Atm" typeDetail="Class"/>
				<VARIABLE name="cs" display="cs" quantification="forone" type="gov.nasa.arc.brahms.atm.Cash" typeDetail="Class"/>
				<VARIABLE name="bd" display="bd" quantification="forone" type="brahms.base.Building" typeDetail="AreaDef"/>
			</VARIABLES>
			<WHEN>
				<PRECONDITION modifier="knownval">
					<CONDITION>
						<VALUECOMPARISON relation="gt">
							<EXPRESSION>
								<OPERAND type="OA" objType="current" objRef="current" attRef="gov.nasa.arc.brahms.atm.Student.howHungry"/>
							</EXPRESSION>
							<EXPRESSION>
								<OPERAND type="V" valueType="double" value="20.0"/>
							</EXPRESSION>
						</VALUECOMPARISON>
					</CONDITION>
				</PRECONDITION>
				<PRECONDITION modifier="knownval">
					<CONDITION>
						<OBJECTCOMPARISON relation="gov.nasa.arc.brahms.atm.Student.hasCash">
							<EXPRESSION>
								<OPERAND type="O" objType="current" objRef="current"/>
							</EXPRESSION>
							<EXPRESSION>
								<OPERAND type="O" objType="variable" objRef="cs"/>
							</EXPRESSION>
						</OBJECTCOMPARISON>
					</CONDITION>
				</PRECONDITION>
				<PRECONDITION modifier="knownval">
					<CONDITION>
						<VALUECOMPARISON relation="lt">
							<EXPRESSION>
								<OPERAND type="OA" objType="variable" objRef="cs" attRef="gov.nasa.arc.brahms.atm.Cash.amount"/>
							</EXPRESSION>
							<EXPRESSION>
								<OPERAND type="V" valueType="double" value="10.0"/>
							</EXPRESSION>
						</VALUECOMPARISON>
					</CONDITION>
				</PRECONDITION>
				<PRECONDITION modifier="knownval">
					<CONDITION>
						<OBJECTCOMPARISON relation="gov.nasa.arc.brahms.atm.Student.hasAccount">
							<EXPRESSION>
								<OPERAND type="O" objType="current" objRef="current"/>
							</EXPRESSION>
							<EXPRESSION>
								<OPERAND type="O" objType="variable" objRef="ac"/>
							</EXPRESSION>
						</OBJECTCOMPARISON>
					</CONDITION>
				</PRECONDITION>
				<PRECONDITION modifier="knownval">
					<CONDITION>
						<OBJECTCOMPARISON relation="gov.nasa.arc.brahms.atm.Account.openedWithBank">
							<EXPRESSION>
								<OPERAND type="O" objType="variable" objRef="ac"/>
							</EXPRESSION>
							<EXPRESSION>
								<OPERAND type="O" objType="variable" objRef="bk"/>
							</EXPRESSION>
						</OBJECTCOMPARISON>
					</CONDITION>
				</PRECONDITION>
				<PRECONDITION modifier="knownval">
					<CONDITION>
						<OBJECTCOMPARISON relation="gov.nasa.arc.brahms.atm.Atm.ownedbyBank">
							<EXPRESSION>
								<OPERAND type="O" objType="variable" objRef="at"/>
							</EXPRESSION>
							<EXPRESSION>
								<OPERAND type="O" objType="variable" objRef="bk"/>
							</EXPRESSION>
						</OBJECTCOMPARISON>
					</CONDITION>
				</PRECONDITION>
				<PRECONDITION modifier="not">
					<CONDITION>
						<VALUECOMPARISON relation="eq">
							<EXPRESSION>
								<OPERAND type="OA" objType="current" objRef="current" attRef="brahms.base.BaseGroup.location"/>
							</EXPRESSION>
							<EXPRESSION>
								<OPERAND type="OA" objType="variable" objRef="at" attRef="brahms.base.BaseClass.location"/>
							</EXPRESSION>
						</VALUECOMPARISON>
					</CONDITION>
				</PRECONDITION>
				<PRECONDITION modifier="knownval">
					<CONDITION>
						<VALUECOMPARISON relation="eq">
							<EXPRESSION>
								<OPERAND type="OA" objType="variable" objRef="at" attRef="brahms.base.BaseClass.location"/>
							</EXPRESSION>
							<EXPRESSION>
								<OPERAND type="O" objType="variable" objRef="bd"/>
							</EXPRESSION>
						</VALUECOMPARISON>
					</CONDITION>
				</PRECONDITION>
				<PRECONDITION modifier="knownval">
					<CONDITION>
						<VALUECOMPARISON relation="eq">
							<EXPRESSION>
								<OPERAND type="OA" objType="current" objRef="current" attRef="gov.nasa.arc.brahms.atm.Student.readyToLeaveRestaurant"/>
							</EXPRESSION>
							<EXPRESSION>
								<OPERAND type="V" valueType="boolean" value="false"/>
							</EXPRESSION>
						</VALUECOMPARISON>
					</CONDITION>
				</PRECONDITION>
			</WHEN>
			<WF_DO>
				<ACTIVITYREF ref="gov.nasa.arc.brahms.atm.Student.moveToLocation" activityType="Move">
					<PARAMVALS>
						<PARAMVAL parameter="loc" value="bd" valueType="Variable"/>
					</PARAMVALS>
				</ACTIVITYREF>
				<CONSEQUENCE>
					<CONDITION>
						<VALUECOMPARISON relation="eq">
							<EXPRESSION>
								<OPERAND type="OA" objType="variable" objRef="cs" attRef="gov.nasa.arc.brahms.atm.Cash.amount"/>
							</EXPRESSION>
							<EXPRESSION operator="plus">
								<OPERAND type="OA" objType="variable" objRef="cs" attRef="gov.nasa.arc.brahms.atm.Cash.amount"/>
								<OPERAND type="OA" objType="current" objRef="current" attRef="gov.nasa.arc.brahms.atm.Student.preferredCashOut"/>
							</EXPRESSION>
						</VALUECOMPARISON>
					</CONDITION>
				</CONSEQUENCE>
				<ACTIVITYREF ref="gov.nasa.arc.brahms.atm.Student.moveToLocation" activityType="Move">
					<PARAMVALS>
						<PARAMVAL parameter="loc" value="gov.nasa.arc.brahms.atm.SouthHall" valueType="Area"/>
					</PARAMVALS>
				</ACTIVITYREF>
			</WF_DO>
		</WORKFRAME>
		<WORKFRAME name="gov.nasa.arc.brahms.atm.Student.wf_eat" display="wf_eat" wftype="1" repeat="true">
			<WHEN>
				<PRECONDITION modifier="knownval">
					<CONDITION>
						<VALUECOMPARISON relation="gt">
							<EXPRESSION>
								<OPERAND type="OA" objType="current" objRef="current" attRef="gov.nasa.arc.brahms.atm.Student.howHungry"/>
							</EXPRESSION>
							<EXPRESSION>
								<OPERAND type="V" valueType="double" value="20.0"/>
							</EXPRESSION>
						</VALUECOMPARISON>
					</CONDITION>
				</PRECONDITION>
				<PRECONDITION modifier="knownval">
					<CONDITION>
						<VALUECOMPARISON relation="eq">
							<EXPRESSION>
								<OPERAND type="OA" objType="current" objRef="current" attRef="brahms.base.BaseGroup.location"/>
							</EXPRESSION>
							<EXPRESSION>
								<OPERAND type="O" objType="concept" objTypeDetail="Area" objRef="gov.nasa.arc.brahms.atm.Telegraph_Av_2405"/>
							</EXPRESSION>
						</VALUECOMPARISON>
					</CONDITION>
				</PRECONDITION>
			</WHEN>
			<WF_DO>
				<ACTIVITYREF ref="gov.nasa.arc.brahms.atm.Student.eat" activityType="Primitive">
				</ACTIVITYREF>
				<CONSEQUENCE factCertainty="0">
					<CONDITION>
						<VALUECOMPARISON relation="eq">
							<EXPRESSION>
								<OPERAND type="OA" objType="current" objRef="current" attRef="gov.nasa.arc.brahms.atm.Student.howHungry"/>
							</EXPRESSION>
							<EXPRESSION operator="minus">
								<OPERAND type="OA" objType="current" objRef="current" attRef="gov.nasa.arc.brahms.atm.Student.howHungry"/>
								<OPERAND type="V" valueType="double" value="5.0"/>
							</EXPRESSION>
						</VALUECOMPARISON>
					</CONDITION>
				</CONSEQUENCE>
				<CONSEQUENCE>
					<CONDITION>
						<VALUECOMPARISON relation="eq">
							<EXPRESSION>
								<OPERAND type="OA" objType="concept" objTypeDetail="Object" objRef="gov.nasa.arc.brahms.atm.Alex_Cash" attRef="gov.nasa.arc.brahms.atm.Cash.amount"/>
							</EXPRESSION>
							<EXPRESSION operator="minus">
								<OPERAND type="OA" objType="concept" objTypeDetail="Object" objRef="gov.nasa.arc.brahms.atm.Alex_Cash" attRef="gov.nasa.arc.brahms.atm.Cash.amount"/>
								<OPERAND type="OA" objType="concept" objTypeDetail="Object" objRef="gov.nasa.arc.brahms.atm.Raleigh_Diner" attRef="gov.nasa.arc.brahms.atm.Diner.foodcost"/>
							</EXPRESSION>
						</VALUECOMPARISON>
					</CONDITION>
				</CONSEQUENCE>
				<CONSEQUENCE factCertainty="0">
					<CONDITION>
						<VALUECOMPARISON relation="eq">
							<EXPRESSION>
								<OPERAND type="OA" objType="current" objRef="current" attRef="gov.nasa.arc.brahms.atm.Student.readyToLeaveRestaurant"/>
							</EXPRESSION>
							<EXPRESSION>
								<OPERAND type="V" valueType="boolean" value="true"/>
							</EXPRESSION>
						</VALUECOMPARISON>
					</CONDITION>
				</CONSEQUENCE>
			</WF_DO>
		</WORKFRAME>
		<WORKFRAME name="gov.nasa.arc.brahms.atm.Student.wf_study" display="wf_study" wftype="1" repeat="true">
			<VARIABLES>
				<VARIABLE name="cs" display="cs" quantification="forone" type="gov.nasa.arc.brahms.atm.Cash" typeDetail="Class"/>
			</VARIABLES>
			<WHEN>
				<PRECONDITION modifier="knownval">
					<CONDITION>
						<VALUECOMPARISON relation="lt">
							<EXPRESSION>
								<OPERAND type="OA" objType="concept" objTypeDetail="Object" objRef="gov.nasa.arc.brahms.atm.Campanile_Clock" attRef="gov.nasa.arc.brahms.atm.MyClock.time"/>
							</EXPRESSION>
							<EXPRESSION>
								<OPERAND type="V" valueType="int" value="20"/>
							</EXPRESSION>
						</VALUECOMPARISON>
					</CONDITION>
				</PRECONDITION>
				<PRECONDITION modifier="knownval">
					<CONDITION>
						<VALUECOMPARISON relation="lt">
							<EXPRESSION>
								<OPERAND type="OA" objType="current" objRef="current" attRef="gov.nasa.arc.brahms.atm.Student.howHungry"/>
							</EXPRESSION>
							<EXPRESSION>
								<OPERAND type="V" valueType="double" value="21.0"/>
							</EXPRESSION>
						</VALUECOMPARISON>
					</CONDITION>
				</PRECONDITION>
				<PRECONDITION modifier="knownval">
					<CONDITION>
						<VALUECOMPARISON relation="eq">
							<EXPRESSION>
								<OPERAND type="OA" objType="current" objRef="current" attRef="brahms.base.BaseGroup.location"/>
							</EXPRESSION>
							<EXPRESSION>
								<OPERAND type="O" objType="concept" objTypeDetail="Area" objRef="gov.nasa.arc.brahms.atm.SouthHall"/>
							</EXPRESSION>
						</VALUECOMPARISON>
					</CONDITION>
				</PRECONDITION>
			</WHEN>
			<WF_DO>
				<ACTIVITYREF ref="gov.nasa.arc.brahms.atm.Student.study" activityType="Primitive">
				</ACTIVITYREF>
			</WF_DO>
		</WORKFRAME>
	</WORKFRAMES>
	<THOUGHTFRAMES>
		<THOUGHTFRAME name="gov.nasa.arc.brahms.atm.Student.tf_feelHungry" display="tf_feelHungry" repeat="true">
			<WHEN>
				<PRECONDITION modifier="knownval">
					<CONDITION>
						<VALUECOMPARISON relation="gt">
							<EXPRESSION>
								<OPERAND type="OA" objType="concept" objTypeDetail="Object" objRef="gov.nasa.arc.brahms.atm.Campanile_Clock" attRef="gov.nasa.arc.brahms.atm.MyClock.time"/>
							</EXPRESSION>
							<EXPRESSION>
								<OPERAND type="OA" objType="current" objRef="current" attRef="gov.nasa.arc.brahms.atm.Student.perceivedtime"/>
							</EXPRESSION>
						</VALUECOMPARISON>
					</CONDITION>
				</PRECONDITION>
			</WHEN>
			<TF_DO>
				<CONSEQUENCE>
					<CONDITION>
						<VALUECOMPARISON relation="eq">
							<EXPRESSION>
								<OPERAND type="OA" objType="current" objRef="current" attRef="gov.nasa.arc.brahms.atm.Student.perceivedtime"/>
							</EXPRESSION>
							<EXPRESSION>
								<OPERAND type="OA" objType="concept" objTypeDetail="Object" objRef="gov.nasa.arc.brahms.atm.Campanile_Clock" attRef="gov.nasa.arc.brahms.atm.MyClock.time"/>
							</EXPRESSION>
						</VALUECOMPARISON>
					</CONDITION>
				</CONSEQUENCE>
				<CONSEQUENCE>
					<CONDITION>
						<VALUECOMPARISON relation="eq">
							<EXPRESSION>
								<OPERAND type="OA" objType="current" objRef="current" attRef="gov.nasa.arc.brahms.atm.Student.howHungry"/>
							</EXPRESSION>
							<EXPRESSION operator="plus">
								<OPERAND type="OA" objType="current" objRef="current" attRef="gov.nasa.arc.brahms.atm.Student.howHungry"/>
								<OPERAND type="V" valueType="double" value="3.0"/>
							</EXPRESSION>
						</VALUECOMPARISON>
					</CONDITION>
				</CONSEQUENCE>
			</TF_DO>
		</THOUGHTFRAME>
	</THOUGHTFRAMES>
</GROUP>
