<?xml version="1.0" encoding="UTF-8" ?> 
<!DOCTYPE OBJECT SYSTEM "file:///C:\Program Files\Brahms\AgentEnvironment\DTD\object.dtd"> 
<!-- Generated at Sat Jun 11 15:20:03 EDT 2005 -->

<OBJECT name="gov.nasa.arc.brahms.atm.Campanile_Clock" display="Campanile_Clock">
	<INSTANCEOF ref="gov.nasa.arc.brahms.atm.MyClock" />
	<BELIEFS>
		<BELIEF>
			<OAV lObjRef="current" lObjType="Current" attRef="gov.nasa.arc.brahms.atm.MyClock.time" evalOp="eq" value="1" valueType="int"/>
		</BELIEF>
	</BELIEFS>
	<FACTS>
		<FACT>
			<OAV lObjRef="current" lObjType="Current" attRef="gov.nasa.arc.brahms.atm.MyClock.time" evalOp="eq" value="1" valueType="int"/>
		</FACT>
	</FACTS>
</OBJECT>
