<?xml version="1.0" encoding="UTF-8" ?> 
<!DOCTYPE CLASS SYSTEM "file:///C:\Program Files\Brahms\AgentEnvironment\DTD\class.dtd"> 
<!-- Generated at Sat Jun 11 15:20:03 EDT 2005 -->

<CLASS name="gov.nasa.arc.brahms.atm.MyClock" display="MyClock">
	<EXTENDS ref="brahms.base.BaseClass" />
	<ATTRIBUTES>
		<ATTRIBUTE name="gov.nasa.arc.brahms.atm.MyClock.time" display="time" scope="public" type="int"/>
	</ATTRIBUTES>
	<ACTIVITIES>
		<BRDC_ACT name="gov.nasa.arc.brahms.atm.MyClock.announceTime" display="announceTime" maxDuration="1" toSubAreas="true" when="end">
			<ABOUT>
				<SEND>
					<CONDITION>
						<VALUECOMPARISON relation="eq">
							<EXPRESSION>
								<OPERAND type="OA" objType="current" objRef="current" attRef="gov.nasa.arc.brahms.atm.MyClock.time"/>
							</EXPRESSION>
							<EXPRESSION>
								<OPERAND type="OA" objType="current" objRef="current" attRef="gov.nasa.arc.brahms.atm.MyClock.time"/>
							</EXPRESSION>
						</VALUECOMPARISON>
					</CONDITION>
				</SEND>
			</ABOUT>
		</BRDC_ACT>
		<PRIM_ACT name="gov.nasa.arc.brahms.atm.MyClock.asTimeGoesBy" display="asTimeGoesBy" maxDuration="3599">
		</PRIM_ACT>
	</ACTIVITIES>
	<WORKFRAMES>
		<WORKFRAME name="gov.nasa.arc.brahms.atm.MyClock.wf_asTimeGoesBy" display="wf_asTimeGoesBy" wftype="2" repeat="true">
			<WHEN>
				<PRECONDITION modifier="knownval">
					<CONDITION>
						<VALUECOMPARISON relation="lt">
							<EXPRESSION>
								<OPERAND type="OA" objType="current" objRef="current" attRef="gov.nasa.arc.brahms.atm.MyClock.time"/>
							</EXPRESSION>
							<EXPRESSION>
								<OPERAND type="V" valueType="int" value="20"/>
							</EXPRESSION>
						</VALUECOMPARISON>
					</CONDITION>
				</PRECONDITION>
			</WHEN>
			<WF_DO>
				<ACTIVITYREF ref="gov.nasa.arc.brahms.atm.MyClock.asTimeGoesBy" activityType="Primitive">
				</ACTIVITYREF>
				<CONSEQUENCE>
					<CONDITION>
						<VALUECOMPARISON relation="eq">
							<EXPRESSION>
								<OPERAND type="OA" objType="current" objRef="current" attRef="gov.nasa.arc.brahms.atm.MyClock.time"/>
							</EXPRESSION>
							<EXPRESSION operator="plus">
								<OPERAND type="OA" objType="current" objRef="current" attRef="gov.nasa.arc.brahms.atm.MyClock.time"/>
								<OPERAND type="V" valueType="int" value="1"/>
							</EXPRESSION>
						</VALUECOMPARISON>
					</CONDITION>
				</CONSEQUENCE>
				<ACTIVITYREF ref="gov.nasa.arc.brahms.atm.MyClock.announceTime" activityType="Broadcast">
				</ACTIVITYREF>
			</WF_DO>
		</WORKFRAME>
	</WORKFRAMES>
</CLASS>
